"Внутренний идентификатор";"Название товара";"Тип товара";"Код товара";Артикул;Бренд;МРЦ;"МРЦ старая";"Оптовая цена Тариф 2";"Суммарное количество";Акция
882252;"Накладной светильник Denkirs DK2001-BK";"Накладной светильник";427045;DK2001-BK;Denkirs;4083;;2450.00;2;Нет
882255;"Накладной светильник Denkirs DK2003-WH";"Накладной светильник";427048;DK2003-WH;Denkirs;1990;3583;1434.00;68;Нет
882256;"Накладной светильник Denkirs DK2003-BK";"Накладной светильник";427049;DK2003-BK;Denkirs;3583;;2150.00;5;Нет
882260;"Накладной светильник Denkirs DK2006-WH";"Накладной светильник";427053;DK2006-WH;Denkirs;3499;4916;2950.00;4;Нет
882261;"Влагозащищенный светильник Denkirs DK3007-WH";"Влагозащищенный светильник";427054;DK3007-WH;Denkirs;3899;;2159.00;229;Нет
882262;"Накладной светильник Denkirs DK2008-WH";"Накладной светильник";427055;DK2008-WH;Denkirs;790;;318.00;1532;Нет
882263;"Накладной светильник Denkirs DK2008-BK";"Накладной светильник";427056;DK2008-BK;Denkirs;790;;318.00;897;Нет
882264;"Влагозащищенный светильник Denkirs DK3007-BK";"Влагозащищенный светильник";427057;DK3007-BK;Denkirs;3899;;2159.00;14;Нет
882270;"Накладной светильник Denkirs DK2011-WH";"Накладной светильник";427063;DK2011-WH;Denkirs;1200;2833;1700.00;2;Нет
882272;"Влагозащищенный светильник Denkirs DK3012-AL";"Влагозащищенный светильник";427065;DK3012-AL;Denkirs;2510;;1386.00;6;Нет
882273;"Влагозащищенный светильник Denkirs DK3012-WH";"Влагозащищенный светильник";427066;DK3012-WH;Denkirs;2510;;1386.00;1;Нет
882274;"Влагозащищенный светильник Denkirs DK3012-BK";"Влагозащищенный светильник";427067;DK3012-BK;Denkirs;2510;;1386.00;12;Нет
882275;"Влагозащищенный светильник Denkirs DK3013-AL";"Влагозащищенный светильник";427068;DK3013-AL;Denkirs;2658;2958;1386.00;89;Нет
882276;"Влагозащищенный светильник Denkirs DK3014-WH";"Влагозащищенный светильник";427069;DK3014-WH;Denkirs;2958;;1637.00;20;Нет
882277;"Влагозащищенный светильник Denkirs DK3015-BK";"Влагозащищенный светильник";427070;DK3015-BK;Denkirs;2958;;1637.00;4;Нет
882278;"Встраиваемый светильник Denkirs DK2016-BK";"Встраиваемый светильник";427071;DK2016-BK;Denkirs;1333;;800.00;1;Нет
882281;"Встраиваемый светильник Denkirs DK2017-WH";"Встраиваемый светильник";427074;DK2017-WH;Denkirs;1499;;899.00;1;Нет
882282;"Встраиваемый светильник Denkirs DK2018-BK";"Встраиваемый светильник";427075;DK2018-BK;Denkirs;749;2499;1499.00;1;Нет
882285;"Встраиваемый светильник Denkirs DK2019-WH";"Встраиваемый светильник";427078;DK2019-WH;Denkirs;1916;;1150.00;1;Нет
882297;"Светильник настенный Denkirs DK9025-WH";"Светильник настенный";427090;DK9025-WH;Denkirs;799;2666;1600.00;1;Нет
882298;"Встраиваемый светильник Denkirs DK2026-WH";"Встраиваемый светильник";427091;DK2026-WH;Denkirs;1890;2199;1259.00;651;Нет
882299;"Встраиваемый светильник Denkirs DK2026-BK";"Встраиваемый светильник";427092;DK2026-BK;Denkirs;525;2199;1049.00;2;Нет
882305;"Подсветка ступеней лестницы Denkirs DK1015-BK";"Подсветка ступеней лестницы";428038;DK1015-BK;Denkirs;1999;;1199.00;2;Нет
885130;"Подсветка ступеней лестницы Denkirs DK1011-DG";"Подсветка ступеней лестницы";428032;DK1011-DG;Denkirs;1340;1916;1150.00;6;Нет
885133;"Подсветка ступеней лестницы Denkirs DK1013-DG";"Подсветка ступеней лестницы";428035;DK1013-DG;Denkirs;1580;1833;1100.00;1;Нет
910788;"Накладной светильник Denkirs DK2029-WH";"Накладной светильник";457489;DK2029-WH;Denkirs;1490;;654.00;1516;Нет
910789;"Накладной светильник Denkirs DK2029-BK";"Накладной светильник";457490;DK2029-BK;Denkirs;1490;;654.00;1331;Нет
910793;"Встраиваемый светильник Denkirs DK2025-BK";"Встраиваемый светильник";457498;DK2025-BK;Denkirs;1666;;1000.00;1;Нет
910794;"Накладной светильник Denkirs DK2027-WH";"Накладной светильник";457499;DK2027-WH;Denkirs;1290;2916;1750.00;12;Нет
913000;"Встраиваемый светильник Denkirs DK2030-WH";"Встраиваемый светильник";457491;DK2030-WH;Denkirs;1080;1310;719.00;534;Нет
913001;"Встраиваемый светильник Denkirs DK2030-BK";"Встраиваемый светильник";457492;DK2030-BK;Denkirs;1010;1310;719.00;141;Нет
913002;"Встраиваемый светильник Denkirs DK2031-WH";"Встраиваемый светильник";457493;DK2031-WH;Denkirs;960;1266;700.00;443;Нет
913003;"Встраиваемый светильник Denkirs DK2031-BK";"Встраиваемый светильник";457494;DK2031-BK;Denkirs;1266;;700.00;50;Нет
921483;"Накладной светильник Denkirs DK2009-YE";"Накладной светильник";500602;DK2009-YE;Denkirs;990;2499;1499.00;1;Нет
921485;"Накладной светильник Denkirs DK2027-YE";"Накладной светильник";500604;DK2027-YE;Denkirs;874;2916;1750.00;1;Нет
921492;"Накладной светильник Denkirs DK2027-OR";"Накладной светильник";500614;DK2027-OR;Denkirs;874;2916;1750.00;1;Нет
921494;"Встраиваемый светильник Denkirs DK2026-OR";"Встраиваемый светильник";500619;DK2026-OR;Denkirs;1749;;1049.00;1;Нет
921496;"Накладной светильник Denkirs DK2006-RE";"Накладной светильник";500621;DK2006-RE;Denkirs;1499;4916;2950.00;1;Нет
921499;"Накладной светильник Denkirs DK2027-RE";"Накладной светильник";500624;DK2027-RE;Denkirs;874;2916;1750.00;0;Нет
921505;"Накладной светильник Denkirs DK2011-CO";"Накладной светильник";500633;DK2011-CO;Denkirs;990;2833;1700.00;1;Нет
921511;"Накладной светильник Denkirs DK2009-CH";"Накладной светильник";500642;DK2009-CH;Denkirs;990;2499;1499.00;5;Нет
921512;"Накладной светильник Denkirs DK2011-CH";"Накладной светильник";500643;DK2011-CH;Denkirs;990;2833;1700.00;1;Нет
921517;"Встраиваемый светильник Denkirs DK2031-YE";"Встраиваемый светильник";500607;DK2031-YE;Denkirs;349;1166;700.00;1;Нет
921518;"Накладной светильник Denkirs DK3010-YE";"Накладной светильник";500608;DK3010-YE;Denkirs;700;2833;1700.00;1;Нет
921528;"Встраиваемый светильник Denkirs DK2030-CH";"Встраиваемый светильник";500646;DK2030-CH;Denkirs;1310;;719.00;6;Нет
921530;"Накладной светильник Denkirs DK3010-CH";"Накладной светильник";500648;DK3010-CH;Denkirs;700;2833;1700.00;2;Нет
921554;"Встраиваемый светильник Denkirs DK4000-WH";"Встраиваемый светильник";475097;DK4000-WH;Denkirs;1833;;1100.00;1;Нет
921559;"Встраиваемый светильник Denkirs DK4006-GD";"Встраиваемый светильник";475102;DK4006-GD;Denkirs;1233;2333;1400.00;11;Нет
927201;"Накладной светильник Denkirs DK5002-CE";"Накладной светильник";476802;DK5002-CE;Denkirs;3499;;2099.00;1;Нет
927202;"Накладной светильник Denkirs DK5002-GY";"Накладной светильник";476803;DK5002-GY;Denkirs;1200;3499;2099.00;2;Нет
927203;"Встраиваемый светильник Denkirs DK5003-CE";"Встраиваемый светильник";476804;DK5003-CE;Denkirs;1200;3999;2399.00;2;Нет
927205;"Подсветка ступеней лестницы Denkirs DK5004-GY";"Подсветка ступеней лестницы";476806;DK5004-GY;Denkirs;3583;;2150.00;1;Нет
932022;"Накладной светильник Denkirs DK2035-WH";"Накладной светильник";513581;DK2035-WH;Denkirs;2499;;1499.00;1;Нет
983238;"Встраиваемый светильник Denkirs DK3020-WH";"Встраиваемый светильник";529034;DK3020-WH;Denkirs;725;;405.00;8292;Нет
983239;"Встраиваемый светильник Denkirs DK3020-BK";"Встраиваемый светильник";529035;DK3020-BK;Denkirs;725;;405.00;1327;Нет
983240;"Встраиваемый светильник Denkirs DK3021-BK";"Встраиваемый светильник";529037;DK3021-BK;Denkirs;725;;405.00;1341;Нет
983241;"Встраиваемый светильник Denkirs DK3021-WH";"Встраиваемый светильник";529036;DK3021-WH;Denkirs;725;;405.00;3653;Нет
983242;"Встраиваемый светильник Denkirs DK3022-BK";"Встраиваемый светильник";529039;DK3022-BK;Denkirs;1334;;746.00;1743;Нет
983243;"Встраиваемый светильник Denkirs DK3022-WH";"Встраиваемый светильник";529038;DK3022-WH;Denkirs;1334;;746.00;3152;Нет
983244;"Накладной светильник Denkirs DK3030-BK";"Накладной светильник";529041;DK3030-BK;Denkirs;910;1541;853.00;919;Нет
983245;"Накладной светильник Denkirs DK3030-WH";"Накладной светильник";529040;DK3030-WH;Denkirs;910;1541;853.00;928;Нет
983246;"Накладной светильник Denkirs DK3040-BK";"Накладной светильник";529043;DK3040-BK;Denkirs;1190;1739;959.00;1405;Нет
983247;"Накладной светильник Denkirs DK3040-WH";"Накладной светильник";529042;DK3040-WH;Denkirs;1190;1739;959.00;4456;Нет
988307;"Встраиваемый светильник Denkirs DK3020-CM";"Встраиваемый светильник";538892;DK3020-CM;Denkirs;725;;405.00;151;Нет
988308;"Встраиваемый светильник Denkirs DK3021-CM";"Встраиваемый светильник";538893;DK3021-CM;Denkirs;725;;405.00;1;Нет
988309;"Встраиваемый светильник Denkirs DK3022-CM";"Встраиваемый светильник";538894;DK3022-CM;Denkirs;1334;;746.00;75;Нет
988310;"Подсветка ступеней лестницы Denkirs DK3050-WH";"Подсветка ступеней лестницы";538897;DK3050-WH;Denkirs;990;1610;774.00;607;Нет
988311;"Монтажная коробка Denkirs DK3050-BX";"Монтажная коробка";539091;DK3050-BX;Denkirs;269;;149.00;613;Нет
988313;"Встраиваемый светильник Denkirs DK3026-WH";"Встраиваемый светильник";538896;DK3026-WH;Denkirs;809;;455.00;1434;Нет
988640;"Накладной светильник Denkirs DK2008-CO";"Накладной светильник";543320;DK2008-CO;Denkirs;549;690;414.00;1;Нет
991599;"Светильник на шине Denkirs DK6201-BK";"Светильник на шине";542389;DK6201-BK;Denkirs;1390;;714.00;2695;Нет
991600;"Светильник на шине Denkirs DK6202-BK";"Светильник на шине";542391;DK6202-BK;Denkirs;1830;;954.00;1840;Нет
994553;"Светильник на шине Denkirs DK6210-WH";"Светильник на шине";542387;DK6210-WH;Denkirs;2830;;1434.00;129;Нет
994554;"Светильник на шине Denkirs DK6201-WH";"Светильник на шине";542388;DK6201-WH;Denkirs;1390;;714.00;968;Нет
994555;"Светильник на шине Denkirs DK6202-WH";"Светильник на шине";542390;DK6202-WH;Denkirs;1830;;834.00;724;Нет
994556;"Светильник на шине Denkirs DK6203-WH";"Светильник на шине";542392;DK6203-WH;Denkirs;749;2499;1499.00;1;Нет
994559;"Светильник на шине Denkirs DK6210-BK";"Светильник на шине";542396;DK6210-BK;Denkirs;2830;;1434.00;76;Нет
997158;"Шинопровод Denkirs TR1001-BK";Шинопровод;542441;TR1001-BK;Denkirs;840;950;516.00;1176;Нет
997159;"Шинопровод Denkirs TR1002-BK";Шинопровод;542442;TR1002-BK;Denkirs;1810;;990.00;1595;Нет
997160;"Шинопровод Denkirs TR1001-WH";Шинопровод;542443;TR1001-WH;Denkirs;840;950;516.00;655;Нет
997161;"Шинопровод Denkirs TR1002-WH";Шинопровод;542444;TR1002-WH;Denkirs;1580;1810;990.00;1239;Нет
997162;"Подвод питания Denkirs TR1100-WH";"Подвод питания";542445;TR1100-WH;Denkirs;375;;213.00;1429;Нет
997163;"Подвод питания Denkirs TR1100-BK";"Подвод питания";542446;TR1100-BK;Denkirs;375;;213.00;1306;Нет
997164;"Коннектор Denkirs TR1101-WH";Коннектор;542447;TR1101-WH;Denkirs;375;;213.00;787;Нет
997165;"Коннектор Denkirs TR1101-BK";Коннектор;542448;TR1101-BK;Denkirs;375;;213.00;1330;Нет
997166;"Коннектор Denkirs TR1102-WH";Коннектор;542449;TR1102-WH;Denkirs;375;;213.00;298;Нет
997167;"Коннектор Denkirs TR1102-BK";Коннектор;542450;TR1102-BK;Denkirs;375;;213.00;326;Нет
997168;"Коннектор Denkirs TR1103-WH";Коннектор;542451;TR1103-WH;Denkirs;562;;319.00;59;Нет
997169;"Коннектор Denkirs TR1103-BK";Коннектор;542452;TR1103-BK;Denkirs;562;;319.00;93;Нет
997170;"Коннектор Denkirs TR1104-WH";Коннектор;542453;TR1104-WH;Denkirs;661;;373.00;21;Нет
997171;"Коннектор Denkirs TR1104-BK";Коннектор;542454;TR1104-BK;Denkirs;661;;373.00;36;Нет
997172;"Подвесной комплект Denkirs TR1105-WH";"Подвесной комплект";542455;TR1105-WH;Denkirs;661;;373.00;1112;Нет
997173;"Подвесной комплект Denkirs TR1105-BK";"Подвесной комплект";542456;TR1105-BK;Denkirs;661;;373.00;286;Нет
997174;"Коннектор Denkirs TR1106-WH";Коннектор;542471;TR1106-WH;Denkirs;1106;;640.00;98;Нет
997175;"Коннектор Denkirs TR1106-BK";Коннектор;542472;TR1106-BK;Denkirs;1106;;640.00;119;Нет
997176;"Заглушка Denkirs TR1107-WH";Заглушка;542473;TR1107-WH;Denkirs;88;;53.00;127;Нет
997177;"Заглушка Denkirs TR1107-BK";Заглушка;542474;TR1107-BK;Denkirs;88;;53.00;153;Нет
997337;"Встраиваемый светильник Denkirs DK3044-WH";"Встраиваемый светильник";544975;DK3044-WH;Denkirs;699;1106;299.00;66;Нет
997338;"Встраиваемый светильник Denkirs DK3045-WH";"Встраиваемый светильник";544976;DK3045-WH;Denkirs;899;1294;539.00;101;Нет
997339;"Встраиваемый светильник Denkirs DK3046-WH";"Встраиваемый светильник";544977;DK3046-WH;Denkirs;815;;408.00;441;Нет
997340;"Встраиваемый светильник Denkirs DK3048-WH";"Встраиваемый светильник";544979;DK3048-WH;Denkirs;958;;479.00;406;Нет
997407;"Светильник на шине Denkirs DK6001-WH";"Светильник на шине";542457;DK6001-WH;Denkirs;699;1166;700.00;2;Нет
997409;"Светильник на шине Denkirs DK6002-WH";"Светильник на шине";542459;DK6002-WH;Denkirs;990;1416;850.00;3;Нет
997411;"Светильник на шине Denkirs DK6003-WH";"Светильник на шине";542461;DK6003-WH;Denkirs;833;;500.00;2;Нет
997413;"Светильник на шине Denkirs DK6004-WH";"Светильник на шине";542463;DK6004-WH;Denkirs;833;;500.00;8;Нет
997415;"Светильник на шине Denkirs DK6005-WH";"Светильник на шине";542465;DK6005-WH;Denkirs;459;1083;650.00;341;Нет
999675;"Встраиваемый светильник Denkirs DK3047-WH";"Встраиваемый светильник";544978;DK3047-WH;Denkirs;815;;408.00;829;Нет
999676;"Встраиваемый светильник Denkirs DK3049-WH";"Встраиваемый светильник";544980;DK3049-WH;Denkirs;958;;533.00;794;Нет
1000247;"Встраиваемый светильник Denkirs DK2400-BK";"Встраиваемый светильник";545337;DK2400-BK;Denkirs;1483;1783;950.00;549;Нет
1000248;"Встраиваемый светильник Denkirs DK2401-BK";"Встраиваемый светильник";545338;DK2401-BK;Denkirs;1783;;950.00;380;Нет
1000249;"Встраиваемый светильник Denkirs DK2402-BK";"Встраиваемый светильник";545339;DK2402-BK;Denkirs;1783;;950.00;375;Нет
1000250;"Встраиваемый светильник Denkirs DK2410-BK";"Встраиваемый светильник";545340;DK2410-BK;Denkirs;699;1333;800.00;65;Нет
1000252;"Вставка Denkirs DK2411-GR";Вставка;545344;DK2411-GR;Denkirs;416;;250.00;157;Нет
1000253;"Вставка Denkirs DK2411-BC";Вставка;545341;DK2411-BC;Denkirs;416;;250.00;36;Нет
1000254;"Вставка Denkirs DK2411-BK";Вставка;545346;DK2411-BK;Denkirs;416;;250.00;30;Нет
1000255;"Встраиваемый светильник Denkirs DK2410-WH";"Встраиваемый светильник";545342;DK2410-WH;Denkirs;999;1333;800.00;2;Нет
1000258;"Влагозащищенный светильник Denkirs DK2403-WH";"Влагозащищенный светильник";545347;DK2403-WH;Denkirs;1150;1320;690.00;1538;Нет
1000259;"Влагозащищенный светильник Denkirs DK2403-BK";"Влагозащищенный светильник";545348;DK2403-BK;Denkirs;1150;1320;690.00;561;Нет
1000260;"Влагозащищенный светильник Denkirs DK2404-WH";"Влагозащищенный светильник";545349;DK2404-WH;Denkirs;1090;1250;654.00;970;Нет
1000261;"Влагозащищенный светильник Denkirs DK2404-BK";"Влагозащищенный светильник";545350;DK2404-BK;Denkirs;1090;1250;654.00;637;Нет
1000262;"Встраиваемый светильник Denkirs DK4400-WH";"Встраиваемый светильник";545351;DK4400-WH;Denkirs;2433;2933;1700.00;47;Нет
1000263;"Встраиваемый светильник Denkirs DK4400-BK";"Встраиваемый светильник";545352;DK4400-BK;Denkirs;2933;;1520.00;0;Нет
1000274;"Встраиваемый светильник Denkirs DK4500-WH";"Встраиваемый светильник";545336;DK4500-WH;Denkirs;3033;3533;2000.00;317;Нет
1000275;"Встраиваемый светильник Denkirs DK4500-BK";"Встраиваемый светильник";545357;DK4500-BK;Denkirs;3533;;2000.00;0;Нет
1002198;"Встраиваемый светильник Denkirs DK4400-BG";"Встраиваемый светильник";564879;DK4400-BG;Denkirs;2833;;1700.00;1;Нет
1002220;"Встраиваемый светильник Denkirs DK4500-WG";"Встраиваемый светильник";564889;DK4500-WG;Denkirs;3533;;2000.00;6;Нет
1002221;"Встраиваемый светильник Denkirs DK4400-GB";"Встраиваемый светильник";564894;DK4400-GB;Denkirs;2833;;1700.00;1;Нет
1003991;"Ночник Denkirs DK3052-WH";Ночник;564393;DK3052-WH;Denkirs;790;1916;1150.00;58;Нет
1003992;"Ночник Denkirs DK3053-WH";Ночник;564394;DK3053-WH;Denkirs;1090;1999;1199.00;304;Нет
1007473;"Встраиваемый светильник Denkirs DK3020-WB";"Встраиваемый светильник";577307;DK3020-WB;Denkirs;589;725;405.00;4;Нет
1007650;"Накладной светильник Denkirs DK2008-RO";"Накладной светильник";577315;DK2008-RO;Denkirs;399;790;1100.00;2;Нет
1007657;"Встраиваемый светильник Denkirs DK3021-WB";"Встраиваемый светильник";577308;DK3021-WB;Denkirs;589;675;405.00;9;Нет
1013445;"Накладной светильник Denkirs DK4016-WH";"Накладной светильник";566881;DK4016-WH;Denkirs;1890;2090;1150.00;353;Нет
1013451;"Светильник на шине Denkirs DK6401-BK";"Светильник на шине";566889;DK6401-BK;Denkirs;3390;;1600.00;66;Нет
1013452;"Светильник на шине Denkirs DK6401-WH";"Светильник на шине";545288;DK6401-WH;Denkirs;1790;3390;1600.00;445;Нет
1014802;"Накладной светильник Denkirs DK4016-BK";"Накладной светильник";566892;DK4016-BK;Denkirs;1890;2090;1150.00;508;Нет
1015400;"Встраиваемый светильник Denkirs DK3028-WH";"Встраиваемый светильник";588298;DK3028-WH;Denkirs;640;;354.00;1985;Нет
1015401;"Встраиваемый светильник Denkirs DK3024-WH";"Встраиваемый светильник";588299;DK3024-WH;Denkirs;725;;405.00;5500;Нет
1015402;"Встраиваемый светильник Denkirs DK3024-BK";"Встраиваемый светильник";588300;DK3024-BK;Denkirs;725;;405.00;1589;Нет
1015403;"Встраиваемый светильник Denkirs DK3029-WH";"Встраиваемый светильник";588301;DK3029-WH;Denkirs;809;;449.00;1122;Нет
1015404;"Встраиваемый светильник Denkirs DK3023-WH";"Встраиваемый светильник";588303;DK3023-WH;Denkirs;1610;;906.00;196;Нет
1089616;"Встраиваемый светильник Denkirs DK3026-BG";"Встраиваемый светильник";593127;DK3026-BG;Denkirs;680;809;455.00;355;Нет
1089617;"Встраиваемый светильник Denkirs DK3026-WB";"Встраиваемый светильник";593126;DK3026-WB;Denkirs;809;;455.00;233;Нет
1089618;"Встраиваемый светильник Denkirs DK3026-WG";"Встраиваемый светильник";593125;DK3026-WG;Denkirs;809;;455.00;323;Нет
1091219;"Встраиваемый светильник Denkirs DK4600-WW";"Встраиваемый светильник";594027;DK4600-WW;Denkirs;836;996;550.00;317;Нет
1091220;"Встраиваемый светильник Denkirs DK4601-DW";"Встраиваемый светильник";594028;DK4601-DW;Denkirs;996;;550.00;204;Нет
1091221;"Встраиваемый светильник Denkirs DK4602-WW";"Встраиваемый светильник";594029;DK4602-WW;Denkirs;399;916;550.00;811;Нет
1091222;"Встраиваемый светильник Denkirs DK4603-DW";"Встраиваемый светильник";594030;DK4603-DW;Denkirs;459;916;550.00;108;Нет
1091223;"Светильник на шине Denkirs DK6406-BK";"Светильник на шине";594031;DK6406-BK;Denkirs;2166;;1300.00;6;Нет
1805059;"Встраиваемый светильник Denkirs DK2402-GD";"Встраиваемый светильник";598762;DK2402-GD;Denkirs;1783;;950.00;116;Нет
1805060;"Встраиваемый светильник Denkirs DK2422-BK";"Встраиваемый светильник";598763;DK2422-BK;Denkirs;2983;;1586.00;561;Нет
1805061;"Встраиваемый светильник Denkirs DK2422-GD";"Встраиваемый светильник";598764;DK2422-GD;Denkirs;2683;2983;1586.00;228;Нет
1810023;"Линейный светильник Denkirs DK9124-BK";"Линейный светильник";613659;DK9124-BK;Denkirs;17973;;9803.00;0;Нет
1810024;"Линейный светильник Denkirs DK9123-BK";"Линейный светильник";613660;DK9123-BK;Denkirs;17973;;9803.00;2;Нет
1810025;"Линейный светильник Denkirs DK9153-BK";"Линейный светильник";613662;DK9153-BK;Denkirs;21405;;11675.00;0;Нет
1810026;"Линейный светильник Denkirs DK9154-BK";"Линейный светильник";613661;DK9154-BK;Denkirs;21405;;11675.00;0;Нет
1810027;"Линейный светильник Denkirs DK9204-BK";"Линейный светильник";613663;DK9204-BK;Denkirs;26014;;14189.00;0;Нет
1810028;"Линейный светильник Denkirs DK9203-BK";"Линейный светильник";613664;DK9203-BK;Denkirs;26014;;14189.00;0;Нет
1810029;"Линейный светильник Denkirs DK9254-BK";"Линейный светильник";613665;DK9254-BK;Denkirs;31312;;17079.00;0;Нет
1810030;"Линейный светильник Denkirs DK9253-BK";"Линейный светильник";613666;DK9253-BK;Denkirs;31312;;17079.00;0;Нет
1810031;"Линейный светильник Denkirs DK9304-BK";"Линейный светильник";613667;DK9304-BK;Denkirs;39844;;21733.00;0;Нет
1810032;"Линейный светильник Denkirs DK9303-BK";"Линейный светильник";613668;DK9303-BK;Denkirs;39844;;21733.00;0;Нет
1811090;"Накладной светильник Denkirs DK2052-WH";"Накладной светильник";609509;DK2052-WH;Denkirs;1290;1580;714.00;218;Нет
1811091;"Накладной светильник Denkirs DK2050-BK";"Накладной светильник";609506;DK2050-BK;Denkirs;780;880;384.00;357;Нет
1811092;"Накладной светильник Denkirs DK2050-WH";"Накладной светильник";609505;DK2050-WH;Denkirs;780;880;414.00;859;Нет
1811093;"Накладной светильник Denkirs DK2051-BK";"Накладной светильник";609508;DK2051-BK;Denkirs;1280;;534.00;377;Нет
1811094;"Накладной светильник Denkirs DK2051-WH";"Накладной светильник";609507;DK2051-WH;Denkirs;1280;;534.00;324;Нет
1811095;"Накладной светильник Denkirs DK2052-BK";"Накладной светильник";609510;DK2052-BK;Denkirs;1390;1580;714.00;155;Нет
1815412;"Шинопровод Denkirs TR2001-BK";Шинопровод;611677;TR2001-BK;Denkirs;2890;;1374.00;766;Нет
1815413;"Шинопровод Denkirs TR2002-BK";Шинопровод;611678;TR2002-BK;Denkirs;5950;;2754.00;971;Нет
1815414;"Коннектор Denkirs TR2101-BK";Коннектор;611679;TR2101-BK;Denkirs;469;;257.00;1613;Нет
1815415;"Соединитель для шинопровода Denkirs TR2102-BK";"Соединитель для шинопровода";611680;TR2102-BK;Denkirs;380;;210.00;2554;Нет
1815416;"Подвод питания Denkirs TR2100-BK";"Подвод питания";611682;TR2100-BK;Denkirs;549;;299.00;2047;Нет
1815418;"Подвесной комплект Denkirs TR2106-BK";"Подвесной комплект";611684;TR2106-BK;Denkirs;609;;335.00;2243;Нет
1815427;"Светильник на шине Denkirs DK8001-BK";"Светильник на шине";611685;DK8001-BK;Denkirs;4990;;2519.00;833;Нет
1815428;"Светильник на шине Denkirs DK8002-BK";"Светильник на шине";611686;DK8002-BK;Denkirs;6890;;3539.00;122;Нет
1815429;"Светильник на шине Denkirs DK8003-BK";"Светильник на шине";611687;DK8003-BK;Denkirs;4690;;2399.00;2058;Нет
1815430;"Светильник на шине Denkirs DK8004-BK";"Светильник на шине";611688;DK8004-BK;Denkirs;6490;;3359.00;4931;Нет
1815431;"Светильник на шине Denkirs DK8006-BK";"Светильник на шине";613542;DK8006-BK;Denkirs;5790;;2879.00;950;Нет
1816285;"Светодиодный модуль Denkirs DK3070-BK";"Светодиодный модуль";613670;DK3070-BK;Denkirs;1299;4888;2933.00;2;Нет
1816356;"Пульт Denkirs DK7300-BK";Пульт;621077;DK7300-BK;Denkirs;2190;;1079.00;1263;Нет
1816357;"Светильник на шине Denkirs DK8005-BK";"Светильник на шине";611689;DK8005-BK;Denkirs;8590;;4379.00;3737;Нет
1816358;"Шинопровод Denkirs TR2003-BK";Шинопровод;613541;TR2003-BK;Denkirs;8390;;4134.00;1083;Нет
1816391;"Настенная панель управления Denkirs DK7200-WH";"Настенная панель управления";621076;DK7200-WH;Denkirs;6390;;3479.00;306;Нет
1816680;"Встраиваемый светильник Denkirs DK4604-WW";"Встраиваемый светильник";600658;DK4604-WW;Denkirs;793;1183;650.00;158;Нет
1816681;"Встраиваемый светильник Denkirs DK4605-DW";"Встраиваемый светильник";600659;DK4605-DW;Denkirs;1183;;650.00;5;Нет
1817124;"WI-FI конвертер Denkirs DK7400-WF";"WI-FI конвертер";621078;DK7400-WF;Denkirs;7990;;4199.00;821;Нет
1817547;"Светодиодный модуль Denkirs DK3060-BK";"Светодиодный модуль";613669;DK3060-BK;Denkirs;799;2166;1300.00;17;Нет
1817646;"Линейный светильник Denkirs DK9124-WH";"Линейный светильник";623319;DK9124-WH;Denkirs;17973;;9803.00;3;Нет
1817647;"Линейный светильник Denkirs DK9123-WH";"Линейный светильник";623320;DK9123-WH;Denkirs;17973;;9803.00;6;Нет
1817648;"Линейный светильник Denkirs DK9154-WH";"Линейный светильник";623321;DK9154-WH;Denkirs;21405;;11675.00;0;Нет
1817649;"Линейный светильник Denkirs DK9153-WH";"Линейный светильник";623322;DK9153-WH;Denkirs;21405;;11675.00;0;Нет
1817650;"Линейный светильник Denkirs DK9204-WH";"Линейный светильник";623323;DK9204-WH;Denkirs;26014;;14189.00;0;Нет
1817651;"Линейный светильник Denkirs DK9203-WH";"Линейный светильник";623324;DK9203-WH;Denkirs;26014;;14189.00;0;Нет
1817652;"Линейный светильник Denkirs DK9254-WH";"Линейный светильник";623325;DK9254-WH;Denkirs;31312;;17079.00;0;Нет
1817653;"Линейный светильник Denkirs DK9253-WH";"Линейный светильник";623326;DK9253-WH;Denkirs;31312;;17079.00;0;Нет
1817654;"Линейный светильник Denkirs DK9304-WH";"Линейный светильник";623327;DK9304-WH;Denkirs;39844;;21733.00;0;Нет
1817655;"Линейный светильник Denkirs DK9303-WH";"Линейный светильник";623328;DK9303-WH;Denkirs;39844;;21733.00;0;Нет
1817743;"Профиль для шинопроводов Denkirs TR3030-AL";"Профиль для шинопроводов";622461;TR3030-AL;Denkirs;4709;;2639.00;28;Нет
1817746;"Заглушка Denkirs TR3060-AL";Заглушка;622465;TR3060-AL;Denkirs;559;;335.00;137;Нет
1818522;"Тубус для транспортировки шинопроводов Denkirs TB2000-80";"Тубус для транспортировки шинопроводов";625315;TB2000-80;Denkirs;170;;2.00;0;Нет
1818523;"Тубус для транспортировки шинопроводов Denkirs TB3000-120";"Тубус для транспортировки шинопроводов";625316;TB3000-120;Denkirs;260;;3.00;34;Нет
1820205;"Встраиваемый светильник Denkirs DK4032-WH";"Встраиваемый светильник";615242;DK4032-WH;Denkirs;1516;;850.00;17;Нет
1820206;"Накладной светильник Denkirs DK4013-BK";"Накладной светильник";615243;DK4013-BK;Denkirs;2090;;1150.00;302;Нет
1820207;"Накладной светильник Denkirs DK4013-WH";"Накладной светильник";615244;DK4013-WH;Denkirs;2090;;1150.00;715;Нет
1820208;"Встраиваемый светильник Denkirs DK4031-WH";"Встраиваемый светильник";615245;DK4031-WH;Denkirs;1766;;1000.00;1;Нет
1821352;"Профиль для шинопроводов Denkirs TR3050-AL";"Профиль для шинопроводов";629301;TR3050-AL;Denkirs;2399;;1367.00;5;Нет
1821368;"Заглушка Denkirs TR3052-AL";Заглушка;629302;TR3052-AL;Denkirs;119;;71.00;11;Нет
1821659;"Профиль для шинопроводов Denkirs TR3040-AL";"Профиль для шинопроводов";629227;TR3040-AL;Denkirs;6499;;3299.00;390;Нет
1821660;"Угол профиля Denkirs TR3041-AL";"Угол профиля";629228;TR3041-AL;Denkirs;2465;;1253.00;97;Нет
1821661;"Заглушка Denkirs TR3042-AL";Заглушка;629229;TR3042-AL;Denkirs;1149;;689.00;365;Нет
1821769;"Соединитель профиля Denkirs TR3043-AL";"Соединитель профиля";630439;TR3043-AL;Denkirs;429;;257.00;155;Нет
1822010;"Накладной светильник Denkirs DK3035-WH";"Накладной светильник";628023;DK3035-WH;Denkirs;1824;2719;1094.00;350;Нет
1822011;"Накладной светильник Denkirs DK3035-BK";"Накладной светильник";628024;DK3035-BK;Denkirs;1824;2719;1499.00;591;Нет
1822012;"Накладной светильник Denkirs DK3035-WB";"Накладной светильник";628025;DK3035-WB;Denkirs;1824;2719;1499.00;366;Нет
1822013;"Накладной светильник Denkirs DK3036-WH";"Накладной светильник";628026;DK3036-WH;Denkirs;1990;2719;1194.00;576;Нет
1822014;"Накладной светильник Denkirs DK3036-BK";"Накладной светильник";628027;DK3036-BK;Denkirs;1990;2719;1194.00;376;Нет
1822015;"Светильник на шине Denkirs DK8001-WH";"Светильник на шине";629676;DK8001-WH;Denkirs;4990;;2519.00;93;Нет
1822016;"Светильник на шине Denkirs DK8002-WH";"Светильник на шине";629677;DK8002-WH;Denkirs;6890;;3539.00;286;Нет
1822017;"Светильник на шине Denkirs DK8003-WH";"Светильник на шине";629678;DK8003-WH;Denkirs;4690;;2399.00;321;Нет
1822018;"Светильник на шине Denkirs DK8004-WH";"Светильник на шине";629679;DK8004-WH;Denkirs;6490;;3359.00;1310;Нет
1822019;"Светильник на шине Denkirs DK8006-WH";"Светильник на шине";629680;DK8006-WH;Denkirs;5790;;2879.00;247;Нет
1822020;"Светильник на шине Denkirs DK8007-WH";"Светильник на шине";629681;DK8007-WH;Denkirs;6869;;4121.00;1;Нет
1822021;"Светильник на шине Denkirs DK8005-WH";"Светильник на шине";630746;DK8005-WH;Denkirs;8590;;4379.00;739;Нет
1822022;"Шинопровод Denkirs TR2001-WH";Шинопровод;629669;TR2001-WH;Denkirs;2890;;1374.00;194;Нет
1822023;"Шинопровод Denkirs TR2002-WH";Шинопровод;629670;TR2002-WH;Denkirs;5950;;2754.00;409;Нет
1822024;"Шинопровод Denkirs TR2003-WH";Шинопровод;629671;TR2003-WH;Denkirs;8390;;4134.00;551;Нет
1822025;"Коннектор Denkirs TR2101-WH";Коннектор;629672;TR2101-WH;Denkirs;469;;257.00;605;Нет
1822026;"Подвод питания Denkirs TR2100-WH";"Подвод питания";629674;TR2100-WH;Denkirs;549;;299.00;1209;Нет
1822027;"Светильник на шине Denkirs DK8008-BK";"Светильник на шине";629683;DK8008-BK;Denkirs;6590;;3419.00;351;Нет
1822028;"Светильник на шине Denkirs DK8008-WH";"Светильник на шине";630747;DK8008-WH;Denkirs;6590;;3419.00;149;Нет
1822030;"Коннектор Denkirs TR2103-BK";Коннектор;611681;TR2103-BK;Denkirs;980;;539.00;2867;Нет
1822031;"Коннектор Denkirs TR2103-WH";Коннектор;629682;TR2103-WH;Denkirs;980;;539.00;357;Нет
1822037;"Соединитель для шинопровода Denkirs TR2102-WH";"Соединитель для шинопровода";629673;TR2102-WH;Denkirs;380;;210.00;311;Нет
1824958;"Накладной светильник Denkirs DK3030-WB";"Накладной светильник";632184;DK3030-WB;Denkirs;910;1541;853.00;264;Нет
1825283;"Встраиваемый светильник Denkirs DK3061-WBR";"Встраиваемый светильник";631271;DK3061-WBR;Denkirs;499;859;299.00;149;Нет
1825284;"Встраиваемый светильник Denkirs DK3071-WBR";"Встраиваемый светильник";631272;DK3071-WBR;Denkirs;560;986;550.00;463;Нет
1825285;"Встраиваемый светильник Denkirs DK3072-WBR";"Встраиваемый светильник";631273;DK3072-WBR;Denkirs;1121;1541;673.00;176;Нет
1825286;"Встраиваемый светильник Denkirs DK3061-BBR";"Встраиваемый светильник";631276;DK3061-BBR;Denkirs;499;859;299.00;156;Нет
1825287;"Встраиваемый светильник Denkirs DK3071-BBR";"Встраиваемый светильник";631277;DK3071-BBR;Denkirs;560;986;336.00;83;Нет
1825288;"Встраиваемый светильник Denkirs DK3072-BBR";"Встраиваемый светильник";631278;DK3072-BBR;Denkirs;1121;1541;673.00;135;Нет
1825290;"Накладной светильник Denkirs DK3090-BBR";"Накладной светильник";631270;DK3090-BBR;Denkirs;990;1739;959.00;99;Нет
1825291;"Накладной светильник Denkirs DK3080-WBR";"Накладной светильник";631274;DK3080-WBR;Denkirs;1739;;419.00;103;Нет
1825292;"Накладной светильник Denkirs DK3090-WBR";"Накладной светильник";631275;DK3090-WBR;Denkirs;990;1739;719.00;134;Нет
1825293;"Накладной светильник Denkirs DK3080-BBR";"Накладной светильник";631279;DK3080-BBR;Denkirs;699;1739;419.00;150;Нет
1825596;"Подвесной комплект Denkirs TR2106-WH";"Подвесной комплект";629675;TR2106-WH;Denkirs;609;;335.00;568;Нет
1851800;"Влагозащищенный светильник Denkirs DK3016-WH";"Влагозащищенный светильник";633476;DK3016-WH;Denkirs;1560;2410;936.00;671;Нет
1851801;"Влагозащищенный светильник Denkirs DK3016-BK";"Влагозащищенный светильник";633477;DK3016-BK;Denkirs;1560;2410;936.00;704;Нет
1853077;"Профиль для шинопроводов Denkirs TR3020-AL";"Профиль для шинопроводов";641320;TR3020-AL;Denkirs;2839;;1583.00;61;Нет
1853347;"Заглушка Denkirs TR3021-AL";Заглушка;641321;TR3021-AL;Denkirs;690;;371.00;29;Нет
1854019;"Заглушка Denkirs TR2107-BK";Заглушка;654120;TR2107-BK;Denkirs;179;;101.00;498;Нет
1854049;"Заглушка Denkirs TR2107-WH";Заглушка;654121;TR2107-WH;Denkirs;179;;101.00;199;Нет
1854165;"Wi-Fi реле Denkirs RL1001-SM";"Wi-Fi реле";653955;RL1001-SM;Denkirs;2488;;1439.00;167;Нет
1854166;"Wi-Fi реле Denkirs RL1002-SM";"Wi-Fi реле";653956;RL1002-SM;Denkirs;3310;;1866.00;61;Нет
1854167;"Wi-Fi реле Denkirs RL1003-DM";"Wi-Fi реле";653957;RL1003-DM;Denkirs;3577;;2026.00;71;Нет
1854168;"Wi-Fi реле Denkirs RL1004-DM";"Wi-Fi реле";653958;RL1004-DM;Denkirs;4377;;2506.00;150;Нет
1854697;"Встраиваемый светильник Denkirs DK3061-WH+CH";"Встраиваемый светильник";654391;DK3061-WH+CH;Denkirs;859;;479.00;125;Нет
1854699;"Встраиваемый светильник Denkirs DK3061-BK";"Встраиваемый светильник";654393;DK3061-BK;Denkirs;859;;299.00;178;Нет
1854701;"Встраиваемый светильник Denkirs DK3061-BK+WH";"Встраиваемый светильник";654395;DK3061-BK+WH;Denkirs;859;;299.00;101;Нет
1854702;"Встраиваемый светильник Denkirs DK3071-WH+BK";"Встраиваемый светильник";654396;DK3071-WH+BK;Denkirs;560;986;550.00;312;Нет
1854703;"Встраиваемый светильник Denkirs DK3071-WH+CH";"Встраиваемый светильник";654397;DK3071-WH+CH;Denkirs;560;986;550.00;272;Нет
1854705;"Встраиваемый светильник Denkirs DK3071-WH";"Встраиваемый светильник";654399;DK3071-WH;Denkirs;560;986;550.00;652;Нет
1854706;"Встраиваемый светильник Denkirs DK3071-BK";"Встраиваемый светильник";654400;DK3071-BK;Denkirs;986;;336.00;132;Нет
1854708;"Встраиваемый светильник Denkirs DK3071-BK+RD";"Встраиваемый светильник";654402;DK3071-BK+RD;Denkirs;986;;550.00;1;Нет
1854709;"Встраиваемый светильник Denkirs DK3071-BK+WH";"Встраиваемый светильник";654403;DK3071-BK+WH;Denkirs;560;986;550.00;140;Нет
1854710;"Встраиваемый светильник Denkirs DK3072-WH+BK";"Встраиваемый светильник";654404;DK3072-WH+BK;Denkirs;1121;1541;853.00;256;Нет
1854711;"Встраиваемый светильник Denkirs DK3072-WH+CH";"Встраиваемый светильник";654405;DK3072-WH+CH;Denkirs;1541;;853.00;2;Нет
1854713;"Встраиваемый светильник Denkirs DK3072-WH";"Встраиваемый светильник";654407;DK3072-WH;Denkirs;1541;;853.00;1267;Нет
1854714;"Встраиваемый светильник Denkirs DK3072-BK";"Встраиваемый светильник";654408;DK3072-BK;Denkirs;1541;;673.00;387;Нет
1854715;"Встраиваемый светильник Denkirs DK3072-BK+CH";"Встраиваемый светильник";654409;DK3072-BK+CH;Denkirs;1121;1541;853.00;88;Нет
1854716;"Встраиваемый светильник Denkirs DK3072-BK+RD";"Встраиваемый светильник";654410;DK3072-BK+RD;Denkirs;1121;1541;853.00;5;Нет
1854717;"Встраиваемый светильник Denkirs DK3072-BK+WH";"Встраиваемый светильник";654411;DK3072-BK+WH;Denkirs;1121;1541;853.00;115;Нет
1854718;"Накладной светильник Denkirs DK3080-WH+BK";"Накладной светильник";654412;DK3080-WH+BK;Denkirs;1739;;959.00;110;Нет
1854720;"Накладной светильник Denkirs DK3080-WH+RD";"Накладной светильник";654414;DK3080-WH+RD;Denkirs;1739;;959.00;15;Нет
1854721;"Накладной светильник Denkirs DK3080-WH";"Накладной светильник";654415;DK3080-WH;Denkirs;1739;;959.00;244;Нет
1854722;"Накладной светильник Denkirs DK3080-WB+WH";"Накладной светильник";654416;DK3080-WB+WH;Denkirs;1199;1739;719.00;95;Нет
1854723;"Накладной светильник Denkirs DK3080-BK";"Накладной светильник";654417;DK3080-BK;Denkirs;1739;;959.00;100;Нет
1854725;"Накладной светильник Denkirs DK3080-BK+RD";"Накладной светильник";654419;DK3080-BK+RD;Denkirs;1739;;959.00;1;Нет
1854727;"Накладной светильник Denkirs DK3080-BW+BK";"Накладной светильник";654421;DK3080-BW+BK;Denkirs;1199;1739;719.00;252;Нет
1854728;"Накладной светильник Denkirs DK3090-WH+BK";"Накладной светильник";654422;DK3090-WH+BK;Denkirs;990;1739;959.00;150;Нет
1854729;"Накладной светильник Denkirs DK3090-WH+CH";"Накладной светильник";654423;DK3090-WH+CH;Denkirs;990;1739;959.00;200;Нет
1854730;"Накладной светильник Denkirs DK3090-WH+RD";"Накладной светильник";654424;DK3090-WH+RD;Denkirs;990;1739;959.00;11;Нет
1854731;"Накладной светильник Denkirs DK3090-WH";"Накладной светильник";654425;DK3090-WH;Denkirs;1739;;959.00;335;Нет
1854732;"Накладной светильник Denkirs DK3090-WB+WH";"Накладной светильник";654426;DK3090-WB+WH;Denkirs;1739;;719.00;352;Нет
1854733;"Накладной светильник Denkirs DK3090-BK";"Накладной светильник";654427;DK3090-BK;Denkirs;1739;;719.00;168;Нет
1854734;"Накладной светильник Denkirs DK3090-BK+CH";"Накладной светильник";654428;DK3090-BK+CH;Denkirs;1739;;959.00;7;Нет
1854736;"Накладной светильник Denkirs DK3090-BK+WH";"Накладной светильник";654430;DK3090-BK+WH;Denkirs;1739;;719.00;27;Нет
1854737;"Накладной светильник Denkirs DK3090-BW+BK";"Накладной светильник";654431;DK3090-BW+BK;Denkirs;990;1739;719.00;234;Нет
1854740;"Накладной светильник Denkirs DK3085-WH+BR";"Накладной светильник";654434;DK3085-WH+BR;Denkirs;2190;3070;1722.00;102;Нет
1854741;"Накладной светильник Denkirs DK3085-WH+RD";"Накладной светильник";654435;DK3085-WH+RD;Denkirs;3070;;1722.00;25;Нет
1854742;"Накладной светильник Denkirs DK3085-WH";"Накладной светильник";654436;DK3085-WH;Denkirs;3070;;1722.00;95;Нет
1854743;"Накладной светильник Denkirs DK3085-WB+WH";"Накладной светильник";654437;DK3085-WB+WH;Denkirs;2190;3070;1722.00;3;Нет
1854744;"Накладной светильник Denkirs DK3085-BK";"Накладной светильник";654438;DK3085-BK;Denkirs;3070;;1722.00;158;Нет
1854745;"Накладной светильник Denkirs DK3085-BK+CH";"Накладной светильник";654439;DK3085-BK+CH;Denkirs;3070;;1722.00;60;Нет
1854746;"Накладной светильник Denkirs DK3085-BK+BR";"Накладной светильник";654440;DK3085-BK+BR;Denkirs;2190;3070;1722.00;63;Нет
1854749;"Накладной светильник Denkirs DK3085-BW+BK";"Накладной светильник";654443;DK3085-BW+BK;Denkirs;2190;3070;1722.00;67;Нет
1854751;"Накладной светильник Denkirs DK3096-WH+BR";"Накладной светильник";654446;DK3096-WH+BR;Denkirs;3070;;1722.00;7;Нет
1854752;"Накладной светильник Denkirs DK3096-WH+RD";"Накладной светильник";654447;DK3096-WH+RD;Denkirs;3070;;1722.00;21;Нет
1854753;"Накладной светильник Denkirs DK3096-WH";"Накладной светильник";654448;DK3096-WH;Denkirs;2190;3070;1722.00;17;Нет
1854755;"Накладной светильник Denkirs DK3096-BK";"Накладной светильник";654450;DK3096-BK;Denkirs;3070;;1314.00;106;Нет
1854757;"Накладной светильник Denkirs DK3096-BK+BR";"Накладной светильник";654452;DK3096-BK+BR;Denkirs;3070;;1722.00;61;Нет
1854760;"Накладной светильник Denkirs DK3096-BW+BK";"Накладной светильник";654455;DK3096-BW+BK;Denkirs;3070;;1314.00;74;Нет
1854761;"Встраиваемый светильник Denkirs DK3061-WH+BK";"Встраиваемый светильник";654456;DK3061-WH+BK;Denkirs;859;;479.00;408;Нет
1854764;"Накладной светильник Denkirs DK3096-WB+WH";"Накладной светильник";654444;DK3096-WB+WH;Denkirs;3070;;1722.00;0;Нет
1854766;"Встраиваемый светильник Denkirs DK3061-WH";"Встраиваемый светильник";649419;DK3061-WH;Denkirs;630;859;479.00;682;Нет
1854796;"Угол профиля Denkirs TR3045-AL";"Угол профиля";654095;TR3045-AL;Denkirs;399;;239.00;149;Нет
1854803;"Угол профиля Denkirs TR3031-AL";"Угол профиля";654096;TR3031-AL;Denkirs;1796;;1007.00;43;Нет
1854872;"Шинопровод Denkirs TR1003-BK";Шинопровод;631280;TR1003-BK;Denkirs;2870;;1524.00;174;Нет
1854887;"Светильник на шине Denkirs DK6030-WH";"Светильник на шине";651267;DK6030-WH;Denkirs;1890;2033;1100.00;511;Нет
1854888;"Светильник на шине Denkirs DK6030-BK";"Светильник на шине";651269;DK6030-BK;Denkirs;2033;;1100.00;207;Нет
1854889;"Светильник на шине Denkirs DK6040-WH";"Светильник на шине";651268;DK6040-WH;Denkirs;2033;;1100.00;640;Нет
1854890;"Светильник на шине Denkirs DK6040-BK";"Светильник на шине";651270;DK6040-BK;Denkirs;2033;;1100.00;495;Нет
1854891;"Светильник на шине Denkirs DK6430-BK";"Светильник на шине";654123;DK6430-BK;Denkirs;3816;;2050.00;434;Нет
1854892;"Светильник на шине Denkirs DK6430-WH";"Светильник на шине";655162;DK6430-WH;Denkirs;3416;3816;2050.00;307;Нет
1854893;"Светильник на шине Denkirs DK6440-BK";"Светильник на шине";654122;DK6440-BK;Denkirs;3816;;2050.00;661;Нет
1854894;"Светильник на шине Denkirs DK6440-WH";"Светильник на шине";655161;DK6440-WH;Denkirs;3816;;2050.00;289;Нет
1854895;"Светильник на шине Denkirs DK8010-BK";"Светильник на шине";654114;DK8010-BK;Denkirs;6390;;3239.00;2129;Нет
1854896;"Светильник на шине Denkirs DK8010-WH";"Светильник на шине";654115;DK8010-WH;Denkirs;6390;;3239.00;1294;Нет
1854897;"Светильник на шине Denkirs DK8020-WH";"Светильник на шине";654116;DK8020-WH;Denkirs;7390;;3719.00;458;Нет
1854898;"Светильник на шине Denkirs DK8020-BK";"Светильник на шине";654117;DK8020-BK;Denkirs;7390;;3719.00;859;Нет
1855026;"Шинопровод Denkirs TR1003-WH";Шинопровод;631281;TR1003-WH;Denkirs;2870;;1524.00;415;Нет
1855027;"Светодиодный модуль Denkirs DK3000-5W";"Светодиодный модуль";651252;DK3000-5W;Denkirs;333;416;250.00;2655;Нет
1857534;"Светильник на шине Denkirs DK8009-BK";"Светильник на шине";655647;DK8009-BK;Denkirs;6490;;3359.00;1219;Нет
1858289;"Встраиваемый светильник Denkirs DK3061-WH+YE";"Встраиваемый светильник";665667;DK3061-WH+YE;Denkirs;499;859;479.00;3;Нет
1858294;"Встраиваемый светильник Denkirs DK3061-BK+PI";"Встраиваемый светильник";665672;DK3061-BK+PI;Denkirs;499;859;479.00;8;Нет
1858295;"Встраиваемый светильник Denkirs DK3061-BK+СY";"Встраиваемый светильник";665673;DK3061-BK+СY;Denkirs;499;859;479.00;5;Нет
1858301;"Встраиваемый светильник Denkirs DK3071-BK+YE";"Встраиваемый светильник";665679;DK3071-BK+YE;Denkirs;560;986;550.00;6;Нет
1858302;"Встраиваемый светильник Denkirs DK3071-BK+PI";"Встраиваемый светильник";665680;DK3071-BK+PI;Denkirs;560;986;550.00;8;Нет
1858308;"Встраиваемый светильник Denkirs DK3072-BK+GR";"Встраиваемый светильник";665686;DK3072-BK+GR;Denkirs;1121;1541;853.00;2;Нет
1858309;"Встраиваемый светильник Denkirs DK3072-BK+PI";"Встраиваемый светильник";665687;DK3072-BK+PI;Denkirs;1121;1541;853.00;20;Нет
1858320;"Накладной светильник Denkirs DK3090-WH+YE";"Накладной светильник";665698;DK3090-WH+YE;Denkirs;1739;;959.00;3;Нет
1858321;"Накладной светильник Denkirs DK3090-WH+PI";"Накладной светильник";665699;DK3090-WH+PI;Denkirs;990;1739;959.00;2;Нет
1858323;"Накладной светильник Denkirs DK3090-BK+GR";"Накладной светильник";665701;DK3090-BK+GR;Denkirs;1739;;959.00;3;Нет
1858324;"Накладной светильник Denkirs DK3090-BK+YE";"Накладной светильник";665702;DK3090-BK+YE;Denkirs;1739;;959.00;1;Нет
1858326;"Накладной светильник Denkirs DK3090-BK+CY";"Накладной светильник";665704;DK3090-BK+CY;Denkirs;990;1739;959.00;12;Нет
1858337;"Накладной светильник Denkirs DK3096-WH+PI";"Накладной светильник";665715;DK3096-WH+PI;Denkirs;3070;;1722.00;6;Нет
1858341;"Накладной светильник Denkirs DK3096-BK+CY";"Накладной светильник";665719;DK3096-BK+CY;Denkirs;2190;3070;1722.00;6;Нет
1858521;"Светильник на шине Denkirs DK6630-BK";"Светильник на шине";657236;DK6630-BK;Denkirs;5721;;2773.00;102;Нет
1858522;"Светильник на шине Denkirs DK6640-BK";"Светильник на шине";657237;DK6640-BK;Denkirs;5721;;2773.00;441;Нет
1859781;"Экран для шинопровода Denkirs TR2010-BK";"Экран для шинопровода";666645;TR2010-BK;Denkirs;432;;247.00;1294;Нет
1859931;"Встраиваемый светильник Denkirs DK2500-BK";"Встраиваемый светильник";666756;DK2500-BK;Denkirs;1558;1933;935.00;110;Нет
1859932;"Встраиваемый светильник Denkirs DK2500-WH";"Встраиваемый светильник";666758;DK2500-WH;Denkirs;1558;1933;935.00;64;Нет
1859933;"Встраиваемый светильник Denkirs DK2700-WH";"Встраиваемый светильник";666757;DK2700-WH;Denkirs;2350;;1142.00;0;Нет
1859940;"Встраиваемый светильник Denkirs DK3400-WH";"Встраиваемый светильник";666749;DK3400-WH;Denkirs;1039;;414.00;30;Нет
1859941;"Встраиваемый светильник Denkirs DK3500-WH";"Встраиваемый светильник";666750;DK3500-WH;Denkirs;1216;;700.00;18;Нет
1860156;"Светильник на шине Denkirs DK8018-BK";"Светильник на шине";655648;DK8018-BK;Denkirs;10490;;5699.00;269;Нет
1860157;"Встраиваемый светильник Denkirs DK3055-WH";"Встраиваемый светильник";658306;DK3055-WH;Denkirs;761;;384.00;2108;Нет
1860158;"Накладной светильник Denkirs DK3110-WH";"Накладной светильник";666241;DK3110-WH;Denkirs;680;885;408.00;826;Нет
1860159;"Накладной светильник Denkirs DK3110-BK";"Накладной светильник";666242;DK3110-BK;Denkirs;680;885;408.00;579;Нет
1860160;"Светильник на шине Denkirs DK6501-WH";"Светильник на шине";666237;DK6501-WH;Denkirs;690;1158;695.00;1045;Нет
1860377;"Светильник на шине Denkirs DK6502-BK";"Светильник на шине";666240;DK6502-BK;Denkirs;990;1350;810.00;1;Нет
1862507;"Светодиодный модуль Denkirs DK3000-7W";"Светодиодный модуль";674609;DK3000-7W;Denkirs;515;;273.00;6573;Нет
1862508;"Светодиодный модуль Denkirs DK4000-7W";"Светодиодный модуль";674610;DK4000-7W;Denkirs;515;;273.00;11841;Нет
1862513;"Светодиодный модуль Denkirs DK3000-7W-BK";"Светодиодный модуль";674943;DK3000-7W-BK;Denkirs;595;;315.00;5096;Нет
1862514;"Светодиодный модуль Denkirs DK4000-7W-BK";"Светодиодный модуль";674944;DK4000-7W-BK;Denkirs;595;;315.00;6107;Нет
1863341;"Экран для шинопровода Denkirs TR2010-WH";"Экран для шинопровода";677697;TR2010-WH;Denkirs;432;;247.00;2118;Нет
1865644;"Коннектор Denkirs TR1008-BK";Коннектор;679444;TR1008-BK;Denkirs;730;;414.00;389;Нет
1865645;"Коннектор Denkirs TR1008-WH";Коннектор;679445;TR1008-WH;Denkirs;730;;414.00;343;Нет
1866617;"Встраиваемый светильник Denkirs DK2120-WH";"Встраиваемый светильник";677523;DK2120-WH;Denkirs;1540;1840;1019.00;1454;Нет
1866618;"Встраиваемый светильник Denkirs DK2120-BK";"Встраиваемый светильник";677524;DK2120-BK;Denkirs;1840;;839.00;800;Нет
1866619;"Встраиваемый светильник Denkirs DK2121-WH";"Встраиваемый светильник";677525;DK2121-WH;Denkirs;1640;1940;1079.00;1029;Нет
1866620;"Встраиваемый светильник Denkirs DK2121-BK";"Встраиваемый светильник";677526;DK2121-BK;Denkirs;1640;1940;959.00;618;Нет
1866621;"Встраиваемый светильник Denkirs DK2122-BK";"Встраиваемый светильник";677528;DK2122-BK;Denkirs;3390;;1919.00;507;Нет
1866622;"Бра Denkirs DK5010-BK";Бра;679471;DK5010-BK;Denkirs;6840;;3779.00;54;Нет
1866623;"Бра Denkirs DK5012-BK";Бра;679472;DK5012-BK;Denkirs;8940;;4919.00;0;Нет
1866624;"Бра Denkirs DK5014-BK";Бра;679473;DK5014-BK;Denkirs;10240;;5639.00;0;Нет
1866625;"Подсветка ступеней лестницы Denkirs DK3050-BK";"Подсветка ступеней лестницы";685992;DK3050-BK;Denkirs;1610;;899.00;526;Нет
1866626;"Подсветка ступеней лестницы Denkirs DK1020-WH";"Подсветка ступеней лестницы";685993;DK1020-WH;Denkirs;2380;3240;1799.00;592;Нет
1866627;"Подсветка ступеней лестницы Denkirs DK1020-BK";"Подсветка ступеней лестницы";685994;DK1020-BK;Denkirs;2380;3240;1428.00;440;Нет
1866628;"Встраиваемый светильник Denkirs DK2122-WH";"Встраиваемый светильник";677527;DK2122-WH;Denkirs;3390;;1919.00;84;Нет
1866645;"Светильник на шине Denkirs DK6201-BG";"Светильник на шине";678704;DK6201-BG;Denkirs;1490;;774.00;219;Нет
1866646;"Подвесной светильник Denkirs DK4050-BK";"Подвесной светильник";678707;DK4050-BK;Denkirs;2840;;1344.00;289;Нет
1866647;"Подвесной светильник Denkirs DK4050-WH";"Подвесной светильник";678703;DK4050-WH;Denkirs;2840;;1254.00;109;Нет
1866648;"Светильник на шине Denkirs DK6210-BG";"Светильник на шине";678706;DK6210-BG;Denkirs;2930;;1494.00;133;Нет
1866832;"Светильник на шине Denkirs DK8009-WH";"Светильник на шине";686072;DK8009-WH;Denkirs;6490;;3359.00;265;Нет
1867188;"Подвесной светильник Denkirs DK4303-WH";"Подвесной светильник";680442;DK4303-WH;Denkirs;4960;6080;2976.00;34;Нет
1867189;"Подвесной светильник Denkirs DK4303-BK";"Подвесной светильник";680443;DK4303-BK;Denkirs;6080;;3354.00;0;Нет
1867190;"Подвесной светильник Denkirs DK4304-WH";"Подвесной светильник";680444;DK4304-WH;Denkirs;6080;;2976.00;43;Нет
1867191;"Подвесной светильник Denkirs DK4304-BK";"Подвесной светильник";680445;DK4304-BK;Denkirs;6080;;3354.00;0;Нет
1873061;"Светильник на шине Denkirs DK6202-BG";"Светильник на шине";678705;DK6202-BG;Denkirs;1930;;954.00;383;Нет
1873062;"Подвесной светильник Denkirs DK4050-BG";"Подвесной светильник";678708;DK4050-BG;Denkirs;2740;2940;1404.00;323;Нет
1873073;"Встраиваемый светильник Denkirs DK2062-WH";"Встраиваемый светильник";680427;DK2062-WH;Denkirs;2190;;1134.00;1262;Нет
1873074;"Подвесной светильник Denkirs DK4045-BK";"Подвесной светильник";680440;DK4045-BK;Denkirs;4290;;2094.00;59;Нет
1873075;"Подвесной светильник Denkirs DK4045-WH";"Подвесной светильник";680441;DK4045-WH;Denkirs;4290;;2094.00;111;Нет
1873503;"Накладной светильник Denkirs DK2050-SG";"Накладной светильник";678709;DK2050-SG;Denkirs;900;;438.00;181;Нет
1873504;"Накладной светильник Denkirs DK2051-SG";"Накладной светильник";678710;DK2051-SG;Denkirs;1380;;654.00;171;Нет
1873505;"Накладной светильник Denkirs DK2052-SG";"Накладной светильник";678711;DK2052-SG;Denkirs;1680;;768.00;2;Нет
1873530;"Профиль для декоративных ниш и потолков Denkirs DK5850-WH";"Профиль для декоративных ниш и потолков";696595;DK5850-WH;Denkirs;6890;;4134.00;4;Нет
1873531;"Профиль для декоративных ниш и потолков Denkirs DK5850-BK";"Профиль для декоративных ниш и потолков";696594;DK5850-BK;Denkirs;6890;;4134.00;8;Нет
1873532;"Комплект заглушек для декоративных ниш Denkirs DK5852-BK";"Комплект заглушек для декоративных ниш";696598;DK5852-BK;Denkirs;1150;;690.00;18;Нет
1873533;"Комплект заглушек для декоративных ниш Denkirs DK5852-WH";"Комплект заглушек для декоративных ниш";696599;DK5852-WH;Denkirs;1150;;690.00;5;Нет
1873534;"Угловой элемент для декоративных ниш Denkirs DK5851-WH";"Угловой элемент для декоративных ниш";696597;DK5851-WH;Denkirs;2290;;1374.00;5;Нет
1873535;"Угловой элемент для декоративных ниш Denkirs DK5851-BK";"Угловой элемент для декоративных ниш";696596;DK5851-BK;Denkirs;2290;;1374.00;7;Нет
1873544;"Шинопровод Denkirs TR2012-BK";Шинопровод;679436;TR2012-BK;Denkirs;7930;;4194.00;1256;Нет
1873545;"Шинопровод Denkirs TR2012-WH";Шинопровод;679437;TR2012-WH;Denkirs;5790;7930;4194.00;886;Нет
1873546;"Соединитель для шинопровода Denkirs TR2112-WH";"Соединитель для шинопровода";679438;TR2112-WH;Denkirs;1070;;588.00;576;Нет
1873547;"Соединитель для шинопровода Denkirs TR2112-BK";"Соединитель для шинопровода";679439;TR2112-BK;Denkirs;1070;;588.00;1744;Нет
1873548;"Соединитель для шинопровода Denkirs TR2118-BK";"Соединитель для шинопровода";679440;TR2118-BK;Denkirs;1070;;588.00;422;Нет
1873549;"Соединитель для шинопровода Denkirs TR2118-WH";"Соединитель для шинопровода";679441;TR2118-WH;Denkirs;1070;;588.00;491;Нет
1873550;"Соединитель для шинопровода Denkirs TR2108-BK";"Соединитель для шинопровода";679442;TR2108-BK;Denkirs;1070;;588.00;432;Нет
1873551;"Соединитель для шинопровода Denkirs TR2108-WH";"Соединитель для шинопровода";679443;TR2108-WH;Denkirs;1070;;588.00;453;Нет
1873931;"Светильник на шине Denkirs DK8010-BG";"Светильник на шине";694299;DK8010-BG;Denkirs;6690;;3419.00;441;Нет
1873932;"Светильник на шине Denkirs DK8020-BG";"Светильник на шине";694293;DK8020-BG;Denkirs;7690;;3899.00;277;Нет
1873933;"Светильник на шине Denkirs DK8012-BG";"Светильник на шине";694294;DK8012-BG;Denkirs;12390;;6774.00;175;Нет
1873934;"Светильник на шине Denkirs DK8012-BK";"Светильник на шине";686073;DK8012-BK;Denkirs;11990;;6534.00;471;Нет
1873935;"Светильник на шине Denkirs DK8012-WH";"Светильник на шине";686075;DK8012-WH;Denkirs;11990;;6534.00;328;Нет
1873936;"Светильник на шине Denkirs DK8008-BG";"Светильник на шине";695585;DK8008-BG;Denkirs;7090;;3719.00;199;Нет
1873937;"Светильник на шине Denkirs DK8014-BK";"Светильник на шине";686081;DK8014-BK;Denkirs;11390;;5934.00;165;Нет
1873938;"Светильник на шине Denkirs DK8014-WH";"Светильник на шине";686086;DK8014-WH;Denkirs;11390;;5934.00;45;Нет
1874196;"Светильник на шине Denkirs DK6400-BK";"Светильник на шине";679469;DK6400-BK;Denkirs;3390;;1240.00;0;Нет
1874197;"Светильник на шине Denkirs DK6400-WH";"Светильник на шине";679470;DK6400-WH;Denkirs;3390;;1240.00;6;Нет
1874376;"Влагозащищенный светильник Denkirs DK3102-BK";"Влагозащищенный светильник";696419;DK3102-BK;Denkirs;920;;450.00;1486;Нет
1874445;"Встраиваемый светильник Denkirs DK2060-BK";"Встраиваемый светильник";680430;DK2060-BK;Denkirs;1170;;534.00;1500;Нет
1874446;"Встраиваемый светильник Denkirs DK2060-WH";"Встраиваемый светильник";680429;DK2060-WH;Denkirs;1170;;534.00;3744;Нет
1874447;"Встраиваемый светильник Denkirs DK2061-BK";"Встраиваемый светильник";680432;DK2061-BK;Denkirs;1220;;570.00;756;Нет
1874448;"Встраиваемый светильник Denkirs DK2061-WH";"Встраиваемый светильник";680431;DK2061-WH;Denkirs;1220;;570.00;1427;Нет
1874449;"Встраиваемый светильник Denkirs DK2045-WH";"Встраиваемый светильник";680437;DK2045-WH;Denkirs;1240;;570.00;567;Нет
1874450;"Встраиваемый светильник Denkirs DK2070-WH";"Встраиваемый светильник";680438;DK2070-WH;Denkirs;840;;432.00;583;Нет
1874570;"Встраиваемый светильник Denkirs DK2037-WH";"Встраиваемый светильник";680433;DK2037-WH;Denkirs;1090;;504.00;3699;Нет
1874571;"Влагозащищенный светильник Denkirs DK3101-WH";"Влагозащищенный светильник";696416;DK3101-WH;Denkirs;860;;420.00;7675;Нет
1874585;"Встраиваемый светильник Denkirs DK2070-BK";"Встраиваемый светильник";680439;DK2070-BK;Denkirs;840;;432.00;652;Нет
1874586;"Влагозащищенный светильник Denkirs DK2036-BK";"Влагозащищенный светильник";680426;DK2036-BK;Denkirs;1120;1290;672.00;856;Нет
1874587;"Влагозащищенный светильник Denkirs DK2036-WH";"Влагозащищенный светильник";680425;DK2036-WH;Denkirs;1120;1290;672.00;1730;Нет
1874628;"Встраиваемый светильник Denkirs DK2045-WB";"Встраиваемый светильник";680436;DK2045-WB;Denkirs;1240;;570.00;476;Нет
1874631;"Влагозащищенный светильник Denkirs DK3103-WH";"Влагозащищенный светильник";696420;DK3103-WH;Denkirs;1050;;540.00;6804;Нет
1874698;"Встраиваемый светильник Denkirs DK2062-BK";"Встраиваемый светильник";680428;DK2062-BK;Denkirs;2190;;1134.00;705;Нет
1874773;"Встраиваемый светильник Denkirs DK2038-WH";"Встраиваемый светильник";680422;DK2038-WH;Denkirs;1190;;564.00;910;Нет
1874781;"Встраиваемый светильник Denkirs DK2037-BK";"Встраиваемый светильник";680434;DK2037-BK;Denkirs;900;1090;504.00;1440;Нет
1874782;"Встраиваемый светильник Denkirs DK2038-BK";"Встраиваемый светильник";680435;DK2038-BK;Denkirs;1190;;564.00;693;Нет
1874939;"Встраиваемый светильник Denkirs DK3057-WH";"Встраиваемый светильник";697500;DK3057-WH;Denkirs;299;731;359.00;148;Нет
1874940;"Встраиваемый светильник Denkirs DK3120-WH";"Встраиваемый светильник";697501;DK3120-WH;Denkirs;781;;433.00;292;Нет
1874941;"Встраиваемый светильник Denkirs DK3121-WH";"Встраиваемый светильник";697502;DK3121-WH;Denkirs;531;791;439.00;274;Нет
1874942;"Встраиваемый светильник Denkirs DK3122-WH";"Встраиваемый светильник";697503;DK3122-WH;Denkirs;1541;;853.00;178;Нет
1874943;"Встраиваемый светильник Denkirs DK3056-WH";"Встраиваемый светильник";697504;DK3056-WH;Denkirs;299;721;359.00;201;Нет
1874944;"Встраиваемый светильник Denkirs DK3126-WH";"Встраиваемый светильник";697505;DK3126-WH;Denkirs;1001;;559.00;71;Нет
1874945;"Влагозащищенный светильник Denkirs DK3101-BK";"Влагозащищенный светильник";696417;DK3101-BK;Denkirs;860;;420.00;3366;Нет
1874946;"Влагозащищенный светильник Denkirs DK3102-WH";"Влагозащищенный светильник";696418;DK3102-WH;Denkirs;920;;450.00;2555;Нет
1874947;"Влагозащищенный светильник Denkirs DK3103-BK";"Влагозащищенный светильник";696421;DK3103-BK;Denkirs;1050;;540.00;4077;Нет
1875065;"Накладной светильник Denkirs DK6510-WH";"Накладной светильник";694295;DK6510-WH;Denkirs;10990;;5994.00;77;Нет
1875066;"Накладной светильник Denkirs DK6511-WH";"Накладной светильник";694296;DK6511-WH;Denkirs;12990;;7194.00;69;Нет
1875067;"Накладной светильник Denkirs DK6515-WH";"Накладной светильник";694297;DK6515-WH;Denkirs;11990;;6594.00;98;Нет
1875068;"Накладной светильник Denkirs DK6516-WH";"Накладной светильник";694298;DK6516-WH;Denkirs;14190;;7914.00;78;Нет
1875640;"Накладной светильник Denkirs DK2029-BG";"Накладной светильник";695586;DK2029-BG;Denkirs;1790;;834.00;288;Нет
1876836;"Коннектор Denkirs TR2113-WH";Коннектор;709465;TR2113-WH;Denkirs;1160;;648.00;49;Нет
1876837;"Коннектор Denkirs TR2114-BK";Коннектор;709466;TR2114-BK;Denkirs;1440;;804.00;26;Нет
1876838;"Коннектор Denkirs TR2113-BK";Коннектор;709472;TR2113-BK;Denkirs;1160;;648.00;40;Нет
1876839;"Коннектор Denkirs TR2114-WH";Коннектор;709467;TR2114-WH;Denkirs;1440;;804.00;19;Нет
1876840;"Коннектор Denkirs TR2115-BK";Коннектор;709468;TR2115-BK;Denkirs;1160;;648.00;6;Нет
1876841;"Коннектор Denkirs TR2115-WH";Коннектор;709469;TR2115-WH;Denkirs;1160;;648.00;44;Нет
1876842;"Коннектор Denkirs TR2116-BK";Коннектор;709470;TR2116-BK;Denkirs;1160;;648.00;28;Нет
1876843;"Коннектор Denkirs TR2116-WH";Коннектор;709471;TR2116-WH;Denkirs;1160;;648.00;17;Нет
1878519;"Шинопровод Denkirs TR2013-BK";Шинопровод;707771;TR2013-BK;Denkirs;10490;;5574.00;562;Нет
1878520;"Шинопровод Denkirs TR2013-WH";Шинопровод;707772;TR2013-WH;Denkirs;10490;;5574.00;401;Нет
1879003;"Шинопровод Denkirs TR2014-BK";Шинопровод;714311;TR2014-BK;Denkirs;17900;;8814.00;0;Нет
1879010;"Заглушка Denkirs TR2017-BK";Заглушка;714314;TR2017-BK;Denkirs;1040;;624.00;411;Нет
1879011;"Соединитель профиля Denkirs TR2018-AL";"Соединитель профиля";714312;TR2018-AL;Denkirs;950;;570.00;416;Нет
1879012;"Соединитель профиля Denkirs TR2019-AL";"Соединитель профиля";714313;TR2019-AL;Denkirs;1140;;684.00;243;Нет
1879256;"Заглушка Denkirs TR2017-WH";Заглушка;714315;TR2017-WH;Denkirs;1040;;624.00;127;Нет
1879265;"Шинопровод Denkirs TR2014-WH";Шинопровод;714316;TR2014-WH;Denkirs;17900;;8814.00;159;Нет
1882894;"Бра Denkirs DK5010-SG";Бра;712867;DK5010-SG;Denkirs;7180;;3972.00;84;Нет
1882895;"Бра Denkirs DK5012-SG";Бра;712868;DK5012-SG;Denkirs;9380;;5166.00;16;Нет
1882896;"Бра Denkirs DK5014-SG";Бра;712869;DK5014-SG;Denkirs;10750;;5916.00;9;Нет
1883775;"Шинопровод Denkirs TR2022-BK";Шинопровод;717827;TR2022-BK;Denkirs;11749;;5100.00;98;Нет
1883776;"Соединитель для шинопровода Denkirs TR2027-AL";"Соединитель для шинопровода";717826;TR2027-AL;Denkirs;640;;384.00;2;Нет
1884357;"Светильник на шине Denkirs DK6050-BK";"Светильник на шине";712727;DK6050-BK;Denkirs;1090;1290;774.00;1226;Нет
1884367;"Светильник на шине Denkirs DK6050-WH";"Светильник на шине";712726;DK6050-WH;Denkirs;1090;1290;774.00;802;Нет
1884370;"Светильник на шине Denkirs DK6050-BW+BK";"Светильник на шине";712728;DK6050-BW+BK;Denkirs;1090;1290;774.00;1333;Нет
1884371;"Светильник на шине Denkirs DK6060-BK";"Светильник на шине";712729;DK6060-BK;Denkirs;1990;;1194.00;576;Нет
1884372;"Светильник на шине Denkirs DK6060-BW+BK";"Светильник на шине";712731;DK6060-BW+BK;Denkirs;1790;1990;1194.00;1431;Нет
1884373;"Светильник на шине Denkirs DK6060-BW+WH";"Светильник на шине";712730;DK6060-BW+WH;Denkirs;1790;1990;1194.00;549;Нет
1884374;"Антибликовая решетка Denkirs DK1500-BK";"Антибликовая решетка";712732;DK1500-BK;Denkirs;109;;65.00;423;Нет
1884375;"Светильник на шине Denkirs DK8026-BK";"Светильник на шине";712866;DK8026-BK;Denkirs;11990;;11990.00;349;Нет
1884376;"Светильник на шине Denkirs DK8001-WB";"Светильник на шине";712870;DK8001-WB;Denkirs;4990;;4990.00;93;Нет
1884377;"Светильник на шине Denkirs DK8002-WB";"Светильник на шине";712871;DK8002-WB;Denkirs;6890;;6890.00;211;Нет
1884378;"Светильник на шине Denkirs DK8006-WB";"Светильник на шине";712872;DK8006-WB;Denkirs;5790;;5790.00;154;Нет
1884379;"Подсветка ступеней лестницы Denkirs DK1030-BK";"Подсветка ступеней лестницы";713497;DK1030-BK;Denkirs;1650;1850;1110.00;143;Нет
1884380;"Подсветка ступеней лестницы Denkirs DK1030-WH";"Подсветка ступеней лестницы";713496;DK1030-WH;Denkirs;1650;1850;1110.00;127;Нет
1884381;"Подсветка ступеней лестницы Denkirs DK1030-NI";"Подсветка ступеней лестницы";713498;DK1030-NI;Denkirs;1550;1750;1050.00;259;Нет
1884384;"Встраиваемый светильник Denkirs DK3055-BK";"Встраиваемый светильник";716872;DK3055-BK;Denkirs;590;761;427.00;1006;Нет
1885692;"Светильник на шине Denkirs DK6070-BK";"Светильник на шине";715688;DK6070-BK;Denkirs;2230;2690;1614.00;458;Нет
1885693;"Светильник на шине Denkirs DK6070-WH";"Светильник на шине";715689;DK6070-WH;Denkirs;2230;2690;1614.00;252;Нет
1885851;"Светодиодный модуль Denkirs DK3000-7W-M";"Светодиодный модуль";716340;DK3000-7W-M;Denkirs;515;;273.00;0;Нет
1885852;"Светодиодный модуль Denkirs DK4000-7W-M";"Светодиодный модуль";716341;DK4000-7W-M;Denkirs;515;;273.00;4;Нет
1885853;"Светодиодный модуль Denkirs DK3000-8W dim";"Светодиодный модуль";716342;"DK3000-8W dim";Denkirs;990;;594.00;0;Нет
1885854;"Светодиодный модуль Denkirs DK4000-8W dim";"Светодиодный модуль";716343;"DK4000-8W dim";Denkirs;990;;594.00;0;Нет
1886068;"Подвесной светильник Denkirs DK6604-BK";"Подвесной светильник";717182;DK6604-BK;Denkirs;27900;;16740.00;1;Нет
1886069;"Подвесной светильник Denkirs DK6606-BK";"Подвесной светильник";717183;DK6606-BK;Denkirs;41400;;24840.00;4;Нет
1886070;"Подвесной светильник Denkirs DK6616-BK";"Подвесной светильник";717184;DK6616-BK;Denkirs;41400;;24840.00;18;Нет
1886071;"Подвесной светильник Denkirs DK6620-BK";"Подвесной светильник";717185;DK6620-BK;Denkirs;98990;;59394.00;13;Нет
1886401;"Заглушка Denkirs TR2025-BK";Заглушка;722879;TR2025-BK;Denkirs;1100;;1100.00;0;Нет
1887073;"Светильник на шине Denkirs DK8027-BK";"Светильник на шине";717186;DK8027-BK;Denkirs;9210;;5526.00;427;Нет
1887074;"Светильник на шине Denkirs DK8030-BK";"Светильник на шине";717187;DK8030-BK;Denkirs;9210;;5526.00;404;Нет
1887075;"Светильник на шине Denkirs DK8070-BK";"Светильник на шине";717188;DK8070-BK;Denkirs;8230;;4938.00;783;Нет
1887076;"Светильник на шине Denkirs DK8040-BW+BK";"Светильник на шине";717189;DK8040-BW+BK;Denkirs;7750;;4650.00;292;Нет
1887077;"Светильник на шине Denkirs DK8041-BW+BK";"Светильник на шине";717190;DK8041-BW+BK;Denkirs;9960;;5976.00;192;Нет
1887078;"Светильник на шине Denkirs DK8050-BK";"Светильник на шине";717191;DK8050-BK;Denkirs;8460;;5076.00;124;Нет
1887079;"Светильник на шине Denkirs DK8051-BK";"Светильник на шине";717192;DK8051-BK;Denkirs;8760;;5076.00;127;Нет
1887080;"Светильник на шине Denkirs DK8052-BK";"Светильник на шине";717193;DK8052-BK;Denkirs;9230;;5538.00;9;Нет
1887081;"Светильник на шине Denkirs DK8065-BK";"Светильник на шине";717194;DK8065-BK;Denkirs;8840;;5304.00;660;Нет
1887082;"Светильник на шине Denkirs DK8056-BK";"Светильник на шине";717195;DK8056-BK;Denkirs;9470;;5682.00;52;Нет
1887083;"Светильник на шине Denkirs DK8055-BK";"Светильник на шине";717196;DK8055-BK;Denkirs;8860;;5316.00;227;Нет
1887084;"Светильник на шине Denkirs DK8060-BK";"Светильник на шине";717197;DK8060-BK;Denkirs;18748;;11249.00;0;Нет
1887085;"Подвесной комплект Denkirs DK8064-BK";"Подвесной комплект";717198;DK8064-BK;Denkirs;860;;516.00;20;Нет
1887998;"Светильник на шине Denkirs DK6446-BK";"Светильник на шине";717779;DK6446-BK;Denkirs;3520;;1992.00;153;Нет
1887999;"Светильник на шине Denkirs DK6646-BK";"Светильник на шине";717780;DK6646-BK;Denkirs;5420;;3072.00;375;Нет
1888000;"Светильник на шине Denkirs DK6444-BK";"Светильник на шине";717782;DK6444-BK;Denkirs;4420;;2472.00;470;Нет
1888001;"Светильник на шине Denkirs DK6644-BK";"Светильник на шине";717783;DK6644-BK;Denkirs;6720;;3252.00;188;Нет
1888002;"Светильник на шине Denkirs DK6438-BK";"Светильник на шине";717788;DK6438-BK;Denkirs;4821;;2713.00;288;Нет
1888003;"Светильник на шине Denkirs DK6448-BK";"Светильник на шине";717786;DK6448-BK;Denkirs;4821;;2713.00;375;Нет
1888004;"Светильник на шине Denkirs DK6638-BK";"Светильник на шине";717789;DK6638-BK;Denkirs;5259;;2975.00;347;Нет
1888005;"Светильник на шине Denkirs DK6648-BK";"Светильник на шине";717787;DK6648-BK;Denkirs;5259;;2975.00;479;Нет
1888006;"Шинопровод Denkirs TR5202-BK";Шинопровод;723244;TR5202-BK;Denkirs;4666;;4666.00;2281;Нет
1888007;"Шинопровод Denkirs TR5202-WH";Шинопровод;723248;TR5202-WH;Denkirs;4666;;4666.00;32;Нет
1888008;"Соединитель для шинопровода Denkirs TR5213-BK";"Соединитель для шинопровода";723249;TR5213-BK;Denkirs;5880;;5880.00;19;Нет
1888009;"Заглушка Denkirs TR5214-BK";Заглушка;723250;TR5214-BK;Denkirs;480;;480.00;118;Нет
1888010;"Соединитель для шинопровода Denkirs TR5210-BK";"Соединитель для шинопровода";723251;TR5210-BK;Denkirs;580;;580.00;1646;Нет
1888011;"Соединитель для шинопровода Denkirs TR5211-BK";"Соединитель для шинопровода";723252;TR5211-BK;Denkirs;680;;680.00;1730;Нет
1888012;"Соединитель для шинопровода Denkirs TR5212-BK";"Соединитель для шинопровода";723253;TR5212-BK;Denkirs;1020;;1020.00;79;Нет
1888013;"Подвод питания Denkirs TR5215-BK";"Подвод питания";723254;TR5215-BK;Denkirs;1164;;1164.00;1667;Нет
1888014;"Драйвер Denkirs TR5220-BK";Драйвер;723255;TR5220-BK;Denkirs;6890;;6890.00;335;Нет
1888015;"Настенная панель управления Denkirs DK7201-DG";"Настенная панель управления";723292;DK7201-DG;Denkirs;9440;;9440.00;25;Нет
1888016;"WI-FI конвертер Denkirs DK7401-WF";"WI-FI конвертер";723293;DK7401-WF;Denkirs;9440;;9440.00;24;Нет
1888017;"Светильник на шине Denkirs DK5360-BK";"Светильник на шине";723282;DK5360-BK;Denkirs;5980;;5980.00;13;Нет
1888018;"Светильник на шине Denkirs DK5365-BK";"Светильник на шине";723283;DK5365-BK;Denkirs;7420;;7420.00;20;Нет
1888019;"Светильник на шине Denkirs DK5370-BK";"Светильник на шине";723284;DK5370-BK;Denkirs;7220;;7220.00;24;Нет
1888020;"Светильник на шине Denkirs DK5371-BK";"Светильник на шине";723285;DK5371-BK;Denkirs;8380;;8380.00;23;Нет
1888021;"Светильник на шине Denkirs DK5363-BK";"Светильник на шине";723286;DK5363-BK;Denkirs;8230;;8230.00;19;Нет
1888022;"Светильник на шине Denkirs DK5368-BK";"Светильник на шине";723287;DK5368-BK;Denkirs;9340;;9340.00;26;Нет
1888023;"Светильник на шине Denkirs DK5375-BK";"Светильник на шине";723288;DK5375-BK;Denkirs;10680;;10680.00;21;Нет
1888024;"Светильник на шине Denkirs DK5376-BK";"Светильник на шине";723289;DK5376-BK;Denkirs;11440;;11440.00;23;Нет
1888025;"Светильник на шине Denkirs DK5377-BK";"Светильник на шине";723290;DK5377-BK;Denkirs;12130;;12130.00;23;Нет
1888026;"Светильник на шине Denkirs DK5300-BK";"Светильник на шине";723256;DK5300-BK;Denkirs;2790;;2790.00;388;Нет
1888027;"Светильник на шине Denkirs DK5305-BK";"Светильник на шине";723257;DK5305-BK;Denkirs;3490;;3490.00;265;Нет
1888028;"Светильник на шине Denkirs DK5310-BK";"Светильник на шине";723258;DK5310-BK;Denkirs;3890;;3890.00;413;Нет
1888029;"Светильник на шине Denkirs DK5311-BK";"Светильник на шине";723259;DK5311-BK;Denkirs;4890;;4890.00;266;Нет
1888030;"Светильник на шине Denkirs DK5303-BK";"Светильник на шине";723260;DK5303-BK;Denkirs;5490;;5490.00;295;Нет
1888031;"Светильник на шине Denkirs DK5308-BK";"Светильник на шине";723261;DK5308-BK;Denkirs;6290;;6290.00;204;Нет
1888032;"Светильник на шине Denkirs DK5315-BK";"Светильник на шине";723262;DK5315-BK;Denkirs;6990;;6990.00;85;Нет
1888033;"Светильник на шине Denkirs DK5316-BK";"Светильник на шине";723263;DK5316-BK;Denkirs;6490;;6490.00;50;Нет
1888034;"Светильник на шине Denkirs DK5317-BK";"Светильник на шине";723264;DK5317-BK;Denkirs;8190;;8190.00;48;Нет
1888035;"Светильник на шине Denkirs DK5313-BK";"Светильник на шине";723265;DK5313-BK;Denkirs;6007;;6007.00;34;Нет
1888036;"Светильник на шине Denkirs DK5320-BK";"Светильник на шине";723266;DK5320-BK;Denkirs;8280;;8280.00;126;Нет
1888037;"Светильник на шине Denkirs DK5325-BK";"Светильник на шине";723267;DK5325-BK;Denkirs;7744;;7744.00;216;Нет
1888038;"Светильник на шине Denkirs DK5327-BK";"Светильник на шине";723268;DK5327-BK;Denkirs;10560;;10560.00;74;Нет
1888039;"Светильник на шине Denkirs DK5330-BK";"Светильник на шине";723269;DK5330-BK;Denkirs;2790;;2790.00;617;Нет
1888040;"Светильник на шине Denkirs DK5335-BK";"Светильник на шине";723270;DK5335-BK;Denkirs;3490;;3490.00;437;Нет
1888041;"Светильник на шине Denkirs DK5340-BK";"Светильник на шине";723271;DK5340-BK;Denkirs;3890;;3890.00;613;Нет
1888042;"Светильник на шине Denkirs DK5341-BK";"Светильник на шине";723272;DK5341-BK;Denkirs;4890;;4890.00;443;Нет
1888043;"Светильник на шине Denkirs DK5333-BK";"Светильник на шине";723273;DK5333-BK;Denkirs;5490;;5490.00;439;Нет
1888044;"Светильник на шине Denkirs DK5338-BK";"Светильник на шине";723274;DK5338-BK;Denkirs;6290;;6290.00;349;Нет
1888045;"Светильник на шине Denkirs DK5345-BK";"Светильник на шине";723275;DK5345-BK;Denkirs;6990;;6990.00;108;Нет
1888046;"Светильник на шине Denkirs DK5346-BK";"Светильник на шине";723276;DK5346-BK;Denkirs;6490;;6490.00;45;Нет
1888047;"Светильник на шине Denkirs DK5347-BK";"Светильник на шине";723277;DK5347-BK;Denkirs;8190;;8190.00;45;Нет
1888048;"Светильник на шине Denkirs DK5343-BK";"Светильник на шине";723278;DK5343-BK;Denkirs;6007;;6007.00;31;Нет
1888049;"Светильник на шине Denkirs DK5350-BK";"Светильник на шине";723279;DK5350-BK;Denkirs;8280;;8280.00;178;Нет
1888050;"Светильник на шине Denkirs DK5355-BK";"Светильник на шине";723280;DK5355-BK;Denkirs;7744;;7744.00;307;Нет
1888051;"Светильник на шине Denkirs DK5357-BK";"Светильник на шине";723281;DK5357-BK;Denkirs;10560;;10560.00;108;Нет
1888052;"Шинопровод Denkirs TR5500-BR";Шинопровод;723171;TR5500-BR;Denkirs;7895;;7895.00;80;Нет
1888053;"Шинопровод Denkirs TR5501-BR";Шинопровод;723172;TR5501-BR;Denkirs;14565;;14565.00;62;Нет
1888054;"Шинопровод Denkirs TR5502-BR";Шинопровод;723173;TR5502-BR;Denkirs;27409;;27409.00;6;Нет
1888055;"Шинопровод Denkirs TR5500-DG";Шинопровод;723174;TR5500-DG;Denkirs;7895;;7895.00;35;Нет
1888056;"Шинопровод Denkirs TR5501-DG";Шинопровод;723175;TR5501-DG;Denkirs;14565;;14565.00;69;Нет
1888057;"Шинопровод Denkirs TR5502-DG";Шинопровод;723176;TR5502-DG;Denkirs;27409;;27409.00;10;Нет
1888058;"Шинопровод Denkirs TR5500-DB";Шинопровод;723177;TR5500-DB;Denkirs;7895;;7895.00;8;Нет
1888059;"Шинопровод Denkirs TR5501-DB";Шинопровод;723178;TR5501-DB;Denkirs;14565;;14565.00;18;Нет
1888060;"Шинопровод Denkirs TR5500-LG";Шинопровод;723180;TR5500-LG;Denkirs;7895;;7895.00;5;Нет
1888061;"Шинопровод Denkirs TR5501-LG";Шинопровод;723181;TR5501-LG;Denkirs;14565;;14565.00;16;Нет
1888062;"Основание Denkirs TR5510-BK";Основание;723183;TR5510-BK;Denkirs;10070;;10070.00;133;Нет
1888063;"Основание Denkirs TR5511-BK";Основание;723184;TR5511-BK;Denkirs;11670;;11670.00;184;Нет
1888064;"Основание Denkirs TR5512-BK";Основание;723185;TR5512-BK;Denkirs;3870;;3870.00;8;Нет
1888065;"Основание Denkirs TR5513-BK";Основание;723186;TR5513-BK;Denkirs;4770;;4770.00;15;Нет
1888066;"Основание Denkirs TR5514-BK";Основание;723187;TR5514-BK;Denkirs;2770;;2770.00;49;Нет
1888067;"Основание Denkirs TR5515-BK";Основание;723188;TR5515-BK;Denkirs;2770;;2770.00;343;Нет
1888068;"Крепеж Denkirs TR5516-BK";Крепеж;723189;TR5516-BK;Denkirs;4270;;4270.00;103;Нет
1888069;"Крепеж Denkirs TR5517-BK";Крепеж;723191;TR5517-BK;Denkirs;860;;860.00;133;Нет
1888070;"Стойка Denkirs TR5537-BK";Стойка;723192;TR5537-BK;Denkirs;1224;;1224.00;80;Нет
1888071;"Стойка Denkirs TR5532-BK";Стойка;723193;TR5532-BK;Denkirs;2619;;2619.00;23;Нет
1888072;"Стойка Denkirs TR5534-BK";Стойка;723194;TR5534-BK;Denkirs;4610;;4610.00;17;Нет
1888073;"Крепеж Denkirs TR5536-BK";Крепеж;723195;TR5536-BK;Denkirs;115;;115.00;170;Нет
1888074;"Крепеж Denkirs TR5518-BK";Крепеж;723190;TR5518-BK;Denkirs;155;;155.00;3631;Нет
1888075;"Крепеж Denkirs TR5519-BK";Крепеж;723196;TR5519-BK;Denkirs;145;;145.00;731;Нет
1888076;"Крепеж Denkirs TR5520-BK";Крепеж;723197;TR5520-BK;Denkirs;115;;115.00;109;Нет
1888077;"Светильник на шине Denkirs DK5540-BK";"Светильник на шине";723198;DK5540-BK;Denkirs;9940;;9940.00;41;Нет
1888078;"Светильник на шине Denkirs DK5540-WH+BK";"Светильник на шине";723150;DK5540-WH+BK;Denkirs;9940;;9940.00;71;Нет
1888079;"Светильник на шине Denkirs DK5542-BK";"Светильник на шине";723151;DK5542-BK;Denkirs;6880;;6880.00;80;Нет
1888080;"Светильник на шине Denkirs DK5542-WH+BK";"Светильник на шине";723152;DK5542-WH+BK;Denkirs;6880;;6880.00;98;Нет
1888081;"Светильник на шине Denkirs DK5550-BK";"Светильник на шине";723155;DK5550-BK;Denkirs;6712;;6712.00;194;Нет
1888082;"Светильник на шине Denkirs DK5552-BK";"Светильник на шине";723156;DK5552-BK;Denkirs;7246;;7246.00;141;Нет
1888083;"Светильник на шине Denkirs DK5560-BK";"Светильник на шине";723157;DK5560-BK;Denkirs;11580;;11580.00;39;Нет
1888084;"Светильник на шине Denkirs DK5560-WH+BK";"Светильник на шине";723158;DK5560-WH+BK;Denkirs;11580;;11580.00;15;Нет
1888085;"Светильник на шине Denkirs DK5564-BK";"Светильник на шине";723159;DK5564-BK;Denkirs;12910;;12910.00;1;Нет
1888086;"Светильник на шине Denkirs DK5564-WH+BK";"Светильник на шине";723160;DK5564-WH+BK;Denkirs;12910;;12910.00;6;Нет
1888087;"Светильник на шине Denkirs DK5570-BK";"Светильник на шине";723163;DK5570-BK;Denkirs;6780;;6780.00;34;Нет
1888088;"Светильник на шине Denkirs DK5572-BK";"Светильник на шине";723164;DK5572-BK;Denkirs;10040;;10040.00;73;Нет
1888089;"Светильник на шине Denkirs DK5570-WB";"Светильник на шине";723165;DK5570-WB;Denkirs;6780;;6780.00;63;Нет
1888090;"Светильник на шине Denkirs DK5572-WB";"Светильник на шине";723166;DK5572-WB;Denkirs;10040;;10040.00;73;Нет
1888091;"Светильник на шине Denkirs DK5574-BK";"Светильник на шине";723167;DK5574-BK;Denkirs;6180;;6180.00;93;Нет
1888092;"Светильник на шине Denkirs DK5576-BK";"Светильник на шине";723168;DK5576-BK;Denkirs;8790;;8790.00;84;Нет
1888093;"Светильник на шине Denkirs DK5574-WH";"Светильник на шине";723169;DK5574-WH;Denkirs;6180;;6180.00;90;Нет
1888094;"Светильник на шине Denkirs DK5576-WH";"Светильник на шине";723170;DK5576-WH;Denkirs;8790;;8790.00;93;Нет
1888095;"Светильник на шине Denkirs DK5546-BK";"Светильник на шине";723153;DK5546-BK;Denkirs;6790;;6790.00;60;Нет
1888096;"Светильник на шине Denkirs DK5546-BW+BK";"Светильник на шине";723154;DK5546-BW+BK;Denkirs;6790;;6790.00;39;Нет
1888097;"Светильник на шине Denkirs DK5566-BK";"Светильник на шине";723161;DK5566-BK;Denkirs;7980;;7980.00;240;Нет
1888098;"Светильник на шине Denkirs DK5566-WH+BK";"Светильник на шине";723162;DK5566-WH+BK;Denkirs;7980;;7980.00;275;Нет
1888099;"Накладной светильник Denkirs DK6520-WH";"Накладной светильник";723083;DK6520-WH;Denkirs;2690;;2690.00;179;Нет
1888100;"Накладной светильник Denkirs DK6520-BK";"Накладной светильник";723084;DK6520-BK;Denkirs;2690;;2690.00;142;Нет
1888101;"Накладной светильник Denkirs DK6524-WH";"Накладной светильник";723085;DK6524-WH;Denkirs;9440;;9440.00;188;Нет
1888102;"Накладной светильник Denkirs DK6524-BK";"Накладной светильник";723086;DK6524-BK;Denkirs;9440;;9440.00;133;Нет
1888107;"Накладной светильник Denkirs DK2840-WB";"Накладной светильник";723077;DK2840-WB;Denkirs;2980;;2980.00;459;Нет
1888108;"Накладной светильник Denkirs DK2841-WB";"Накладной светильник";723078;DK2841-WB;Denkirs;3890;;3890.00;457;Нет
1888109;"Накладной светильник Denkirs DK2850-WH";"Накладной светильник";723079;DK2850-WH;Denkirs;2780;;2780.00;426;Нет
1888110;"Накладной светильник Denkirs DK2850-BK";"Накладной светильник";723080;DK2850-BK;Denkirs;2780;;2780.00;418;Нет
1888111;"Накладной светильник Denkirs DK2851-WH";"Накладной светильник";723081;DK2851-WH;Denkirs;3720;;3720.00;192;Нет
1888112;"Накладной светильник Denkirs DK2851-BK";"Накладной светильник";723082;DK2851-BK;Denkirs;3720;;3720.00;440;Нет
1888113;"Встраиваемый светильник Denkirs DK2510-WB";"Встраиваемый светильник";723066;DK2510-WB;Denkirs;3950;;3950.00;194;Нет
1888114;"Встраиваемый светильник Denkirs DK2530-WB";"Встраиваемый светильник";723067;DK2530-WB;Denkirs;3640;;3640.00;131;Нет
1888115;"Встраиваемый светильник Denkirs DK2531-WB";"Встраиваемый светильник";723068;DK2531-WB;Denkirs;4840;;4840.00;154;Нет
1888116;"Встраиваемый светильник Denkirs DK2532-WB";"Встраиваемый светильник";723069;DK2532-WB;Denkirs;8640;;8640.00;96;Нет
1888117;"Встраиваемый светильник Denkirs DK2514-WB";"Встраиваемый светильник";723070;DK2514-WB;Denkirs;4120;;4120.00;162;Нет
1888118;"Встраиваемый светильник Denkirs DK2515-WB";"Встраиваемый светильник";723071;DK2515-WB;Denkirs;7640;;7640.00;89;Нет
1888119;"Спот Denkirs DK2517-WB";Спот;723072;DK2517-WB;Denkirs;3120;;3120.00;285;Нет
1888120;"Спот Denkirs DK2518-WB";Спот;723073;DK2518-WB;Denkirs;4380;;4380.00;154;Нет
1888122;"Встраиваемый светильник Denkirs DK2440-WB";"Встраиваемый светильник";723075;DK2440-WB;Denkirs;1390;;1390.00;1396;Нет
1888123;"Встраиваемый светильник Denkirs DK2441-WB";"Встраиваемый светильник";723076;DK2441-WB;Denkirs;1890;;1890.00;927;Нет
1888939;"Светильник на шине Denkirs DK6080-BK";"Светильник на шине";716871;DK6080-BK;Denkirs;2790;;1674.00;290;Нет
1888940;"Светильник на шине Denkirs DK6636-BK";"Светильник на шине";717778;DK6636-BK;Denkirs;5420;;3072.00;278;Нет
1888941;"Светильник на шине Denkirs DK6436-BK";"Светильник на шине";717781;DK6436-BK;Denkirs;3520;;1992.00;136;Нет
1888942;"Светильник на шине Denkirs DK6434-BK";"Светильник на шине";717784;DK6434-BK;Denkirs;4420;;1872.00;372;Нет
1888943;"Светильник на шине Denkirs DK6634-BK";"Светильник на шине";717785;DK6634-BK;Denkirs;6720;;3852.00;136;Нет
1891034;"Шинопровод Denkirs TR5502-DB";Шинопровод;723179;TR5502-DB;Denkirs;27409;;27409.00;8;Нет
1891035;"Шинопровод Denkirs TR5502-LG";Шинопровод;723182;TR5502-LG;Denkirs;27409;;27409.00;7;Нет
1891036;"Шинопровод Denkirs TR5201-BK";Шинопровод;723294;TR5201-BK;Denkirs;2333;;2333.00;379;Нет
1892812;"Бра Denkirs DK7503-BK";Бра;732102;DK7503-BK;Denkirs;25816;;25816.00;20;Нет
1892818;"Бра Denkirs DK5021-BK";Бра;723061;DK5021-BK;Denkirs;3840;;3840.00;81;Нет
1892819;"Бра Denkirs DK5021-SG";Бра;723062;DK5021-SG;Denkirs;4140;;4140.00;22;Нет
1892820;"Бра Denkirs DK5022-WH";Бра;723063;DK5022-WH;Denkirs;5190;;5190.00;252;Нет
1892821;"Бра Denkirs DK5022-BK";Бра;723064;DK5022-BK;Denkirs;5190;;5190.00;162;Нет
1892822;"Бра Denkirs DK5022-SG";Бра;723065;DK5022-SG;Denkirs;5490;;5490.00;108;Нет
1892823;"Бра Denkirs DK5021-WH";Бра;723091;DK5021-WH;Denkirs;3840;;3840.00;52;Нет
1894596;"Бра Denkirs DK7505-BK";Бра;732103;DK7505-BK;Denkirs;35746;;35746.00;10;Нет
1894597;"Бра Denkirs DK7506-BK";Бра;732104;DK7506-BK;Denkirs;16681;;16681.00;15;Нет
1894598;"Крепеж Denkirs DK7511-BK";Крепеж;732105;DK7511-BK;Denkirs;7745;;7745.00;9;Нет
1894599;"Бра Denkirs DK7502-BK";Бра;732106;DK7502-BK;Denkirs;20852;;20852.00;14;Нет
1897635;"Шинопровод Denkirs TR5202-GO";Шинопровод;723245;TR5202-GO;Denkirs;4666;;4666.00;29;Нет
1899249;"Трек-система Denkirs DK55SET01-01-LG";Трек-система;739810;DK55SET01-01-LG;Denkirs;54147;;54147.00;3;Нет
1899504;"Трек-система Denkirs DK55SET01-02-DB";Трек-система;739843;DK55SET01-02-DB;Denkirs;54147;;54147.00;3;Нет
1899505;"Трек-система Denkirs DK55SET01-03-DG";Трек-система;739844;DK55SET01-03-DG;Denkirs;54147;;54147.00;3;Нет
1899506;"Трек-система Denkirs DK55SET01-04-BR";Трек-система;739845;DK55SET01-04-BR;Denkirs;54147;;54147.00;3;Нет
1899507;"Трек-система Denkirs DK55SET02-01-BR";Трек-система;739846;DK55SET02-01-BR;Denkirs;60369;;60369.00;3;Нет
1899508;"Трек-система Denkirs DK55SET02-02-DB";Трек-система;739847;DK55SET02-02-DB;Denkirs;60369;;60369.00;3;Нет
1899509;"Трек-система Denkirs DK55SET03-01-DG";Трек-система;739848;DK55SET03-01-DG;Denkirs;46433;;46433.00;3;Нет
1899510;"Трек-система Denkirs DK55SET03-02-LG";Трек-система;739849;DK55SET03-02-LG;Denkirs;46433;;46433.00;3;Нет
1899511;"Трек-система Denkirs DK55SET03-03-BR";Трек-система;739850;DK55SET03-03-BR;Denkirs;46433;;46433.00;3;Нет
1899512;"Трек-система Denkirs DK55SET03-04-DB";Трек-система;739851;DK55SET03-04-DB;Denkirs;46433;;46433.00;3;Нет
1899513;"Трек-система Denkirs DK55SET04-01-DB";Трек-система;739852;DK55SET04-01-DB;Denkirs;41634;;41634.00;3;Нет
1899514;"Трек-система Denkirs DK55SET04-02-BR";Трек-система;739853;DK55SET04-02-BR;Denkirs;41635;;41635.00;3;Нет
1899533;"Пульт Denkirs DK7301-BK";Пульт;737996;DK7301-BK;Denkirs;2690;;2690.00;98;Нет
1900353;"Соединитель для шинопровода Denkirs TR5213-WH";"Соединитель для шинопровода";739091;TR5213-WH;Denkirs;5880;;5880.00;10;Нет
1900354;"Заглушка Denkirs TR5214-WH";Заглушка;739092;TR5214-WH;Denkirs;480;;480.00;20;Нет
1900355;"Соединитель для шинопровода Denkirs TR5210-WH";"Соединитель для шинопровода";739093;TR5210-WH;Denkirs;580;;580.00;20;Нет
1900356;"Соединитель для шинопровода Denkirs TR5211-WH";"Соединитель для шинопровода";739094;TR5211-WH;Denkirs;680;;680.00;18;Нет
1900357;"Соединитель для шинопровода Denkirs TR5212-WH";"Соединитель для шинопровода";739095;TR5212-WH;Denkirs;1020;;1020.00;10;Нет
1900358;"Подвод питания Denkirs TR5215-WH";"Подвод питания";739096;TR5215-WH;Denkirs;1164;;1164.00;28;Нет
1901925;"Шинопровод Denkirs TR2023-BK";Шинопровод;737570;TR2023-BK;Denkirs;17623;;17623.00;0;Нет
1901926;"Экран для шинопровода Denkirs TR2028-BK";"Экран для шинопровода";742817;TR2028-BK;Denkirs;220;;220.00;0;Нет
1901927;"Угол профиля Denkirs TR2026-BK";"Угол профиля";737571;TR2026-BK;Denkirs;2645;;2645.00;0;Нет
